Estimate; INCOME AND BENEFITS (IN 2013 INFLATION-ADJUSTED DOLLARS) - Nonfamily households - Mean nonfamily income (dollars),Total; Estimate; POVERTY RATE FOR THE POPULATION 25 YEARS AND OVER FOR WHOM POVERTY STATUS IS DETERMINED BY EDUCATIONAL ATTAINMENT LEVEL - Less than high school graduate,Total; Estimate; MEDIAN EARNINGS IN THE PAST 12 MONTHS (IN 2013 INFLATION-ADJUSTED DOLLARS) - Population 25 years and over with earnings - Less than high school graduate,Total; Estimate; MEDIAN EARNINGS IN THE PAST 12 MONTHS (IN 2013 INFLATION-ADJUSTED DOLLARS) - Population 25 years and over with earnings - Some college or associate's degree,Total; Estimate; TRAVEL TIME TO WORK - Mean travel time to work (minutes),Estimate; INCOME AND BENEFITS (IN 2013 INFLATION-ADJUSTED DOLLARS) - Families - Median family income (dollars),Total; Estimate; Population 25 to 34 years - High school graduate or higher,"Estimate; INCOME AND BENEFITS (IN 2013 INFLATION-ADJUSTED DOLLARS) - Median earnings for male full-time, year-round workers (dollars)",MedianAgeYears,Estimate; INCOME AND BENEFITS (IN 2013 INFLATION-ADJUSTED DOLLARS) - Families - Mean family income (dollars),County,Total; Estimate; Some college or associate's degree,Total; Estimate; MEDIAN EARNINGS IN THE PAST 12 MONTHS (IN 2013 INFLATION-ADJUSTED DOLLARS) - Population 25 years and over with earnings - Bachelor's degree,Total; Estimate; Bachelor's degree or higher,"Total; Estimate; MEANS OF TRANSPORTATION TO WORK - Car, truck, or van - Workers per car, truck, or van",Estimate; INCOME AND BENEFITS (IN 2013 INFLATION-ADJUSTED DOLLARS) - With Supplemental Security Income - Mean Supplemental Security Income (dollars),Estimate; COMMUTING TO WORK - Mean travel time to work (minutes),Total; Estimate; High school graduate (includes equivalency),Total; Estimate; MEDIAN EARNINGS IN THE PAST 12 MONTHS (IN 2013 INFLATION-ADJUSTED DOLLARS) - Population 25 years and over with earnings - Graduate or professional degree,"Estimate; INCOME AND BENEFITS (IN 2013 INFLATION-ADJUSTED DOLLARS) - Median earnings for female full-time, year-round workers (dollars)",Total; Estimate; Population 45 to 64 years - Bachelor's degree or higher,Total; Estimate; MEDIAN EARNINGS IN THE PAST 12 MONTHS (IN 2013 INFLATION-ADJUSTED DOLLARS) - Population 25 years and over with earnings - High school graduate (includes equivalency),Estimate; INCOME AND BENEFITS (IN 2013 INFLATION-ADJUSTED DOLLARS) - Nonfamily households - Median nonfamily income (dollars),Total; Estimate; Population 45 to 64 years - High school graduate or higher,Jurisdiction,Estimate; INCOME AND BENEFITS (IN 2013 INFLATION-ADJUSTED DOLLARS) - With retirement income - Mean retirement income (dollars),Estimate; INCOME AND BENEFITS (IN 2013 INFLATION-ADJUSTED DOLLARS) - With cash public assistance income - Mean cash public assistance income (dollars),Total; Estimate; Population 25 to 34 years - Bachelor's degree or higher,Total; Estimate; Less than high school graduate
35388.0,30.6,21486.0,36868.0,36.9,40524.0,75.4,42218.0,25.3,44509.0,San Bernardino,30.1,42054.0,2.6,1.11,11049.0,36.9,42.0,22193.0,30078.0,8.2,29979.0,29051.0,66.3,Adelanto,14052.0,5005.0,5.3,25.2
89453.0,23.8,16178.0,42832.0,29.2,122793.0,95.9,96486.0,42.4,151401.0,Los Angeles,35.2,71862.0,23.2,1.04,10120.0,29.2,33.3,100640.0,63327.0,58.1,31687.0,68169.0,96.5,Agoura Hills,34857.0,4704.0,53.9,8.4
68888.0,21.6,22294.0,39782.0,28.7,90640.0,96.9,65771.0,40.7,118871.0,Alameda,51.1,57897.0,18.0,1.07,9415.0,28.7,22.3,89065.0,57344.0,46.5,26449.0,54552.0,89.9,Alameda,33861.0,5014.0,53.2,8.7
75888.0,18.3,17065.0,31851.0,29.9,94206.0,98.8,73162.0,37.0,109373.0,Alameda,36.2,58867.0,30.7,1.09,8137.0,29.9,17.7,64236.0,65951.0,71.6,38790.0,48882.0,94.5,Albany,44138.0,2657.0,80.0,15.4
52568.0,18.6,16331.0,34771.0,29.3,58332.0,93.5,44107.0,39.3,75685.0,Los Angeles,53.3,48917.0,15.5,1.07,10092.0,29.3,21.7,62200.0,40676.0,26.8,25344.0,40466.0,76.0,Alhambra,22491.0,6980.0,40.8,9.5
86047.0,14.6,17482.0,52721.0,25.4,120237.0,95.1,80949.0,35.1,129184.0,Orange,55.0,76319.0,13.6,1.07,10293.0,25.4,22.6,86162.0,65091.0,53.6,42140.0,73400.0,95.8,Aliso Viejo,26263.0,8548.0,60.9,8.8
62248.0,14.6,21816.0,40913.0,31.2,95282.0,92.1,74602.0,41.9,120722.0,Alpine,48.3,82344.0,8.9,1.09,10649.0,31.2,33.8,62813.0,51332.0,27.3,37740.0,40577.0,89.4,Alpine,29898.0,5684.0,29.5,9.0
22639.0,63.5,,29250.0,9.3,56583.0,96.7,44219.0,39.9,60217.0,Modoc,39.0,24508.0,15.5,1.06,8353.0,9.3,31.0,,35905.0,14.7,27000.0,22746.0,87.6,Alturas,18898.0,8167.0,19.1,14.6
46073.0,100.0,,10000.0,36.9,60938.0,100.0,50417.0,43.5,74424.0,Amador,35.7,95000.0,0.0,1.05,7913.0,36.9,64.3,46875.0,103750.0,37.3,11250.0,9779.0,89.3,Amador City,33800.0,,100.0,0.0
69347.0,9.8,27372.0,42111.0,31.7,91372.0,89.5,54983.0,35.5,104505.0,Napa,44.7,61056.0,6.7,1.1,8534.0,31.7,32.9,85109.0,50712.0,31.4,31362.0,47297.0,82.3,American Canyon,29166.0,6173.0,37.8,15.7
51292.0,22.5,21310.0,36971.0,27.0,63380.0,79.6,41220.0,32.4,81547.0,Orange,43.0,52455.0,5.5,1.09,9068.0,27.0,33.6,69952.0,36619.0,24.5,26456.0,40342.0,75.6,Anaheim,21536.0,5504.0,24.7,17.9
47726.0,21.8,22087.0,41120.0,40.0,72542.0,88.9,53458.0,33.8,83819.0,Contra Costa,44.3,62429.0,4.0,1.11,10434.0,40.0,34.5,72653.0,44698.0,22.5,31151.0,35561.0,89.6,Antioch,25765.0,5811.0,16.2,17.2
48378.0,21.9,23711.0,34853.0,29.2,54797.0,84.3,54399.0,37.0,70226.0,San Bernardino,40.2,52737.0,3.2,1.17,11590.0,29.2,40.8,76871.0,40586.0,17.1,30485.0,25692.0,87.2,Apple Valley,24223.0,4447.0,14.6,15.8
60866.0,20.7,21840.0,36694.0,29.3,92484.0,95.9,65340.0,43.1,123920.0,Los Angeles,49.1,53329.0,21.9,1.06,10533.0,29.3,23.9,80018.0,52533.0,53.3,27606.0,38551.0,92.9,Arcadia,36705.0,7985.0,58.8,5.1
34056.0,27.1,16063.0,20170.0,14.9,47969.0,95.0,44816.0,26.1,60133.0,Humboldt,73.7,26491.0,5.4,1.1,11144.0,14.9,18.2,47845.0,32096.0,47.4,19867.0,21580.0,93.4,Arcata,27300.0,3972.0,45.6,2.7
27332.0,26.8,15390.0,23684.0,25.6,33664.0,51.4,25505.0,24.0,42262.0,Kern,38.6,20347.0,0.6,1.23,7313.0,25.6,31.7,43750.0,20311.0,3.3,19326.0,23000.0,21.6,Arvin,17311.0,3829.0,4.0,29.0
129516.0,13.5,26538.0,48750.0,23.4,,100.0,243553.0,48.2,453565.0,San Mateo,48.6,67059.0,17.9,1.05,8258.0,23.4,27.3,181518.0,122375.0,90.0,33523.0,102361.0,98.1,Atherton,59234.0,26467.0,83.6,6.2
47290.0,45.8,22938.0,37030.0,22.2,82851.0,94.6,64423.0,45.4,102087.0,Placer,50.7,50230.0,6.5,1.07,9691.0,22.2,30.0,86750.0,41331.0,32.2,36942.0,35916.0,94.6,Auburn,31380.0,3711.0,36.6,12.7
61789.0,17.5,21958.0,35000.0,10.8,67895.0,83.8,44682.0,37.7,89420.0,Los Angeles,40.6,46071.0,3.3,1.27,7733.0,10.8,46.7,80714.0,28380.0,26.8,20804.0,36786.0,73.6,Avalon,38506.0,4210.0,5.6,9.4
32084.0,33.6,17091.0,20625.0,32.1,29811.0,49.0,23896.0,34.2,34659.0,Kings,17.1,6607.0,1.7,1.42,7827.0,32.1,34.5,,19343.0,6.0,20352.0,16364.0,36.9,Avenal,48340.0,5066.0,1.1,46.6
42158.0,24.1,18746.0,35745.0,28.4,57446.0,83.8,34711.0,29.3,70890.0,Los Angeles,52.3,47111.0,4.6,1.08,9651.0,28.4,30.3,59922.0,33444.0,18.6,25395.0,29177.0,74.0,Azusa,24256.0,5015.0,22.4,12.8
50316.0,29.3,19130.0,36899.0,22.9,61188.0,84.2,49884.0,30.0,77484.0,Kern,45.9,58317.0,4.9,1.09,9363.0,22.9,34.0,73027.0,36754.0,21.6,28089.0,37497.0,77.4,Bakersfield,27757.0,5661.0,18.5,15.3
38071.0,18.1,21524.0,29627.0,31.4,51063.0,77.8,34362.0,30.5,61518.0,Los Angeles,44.5,39774.0,4.0,1.1,9017.0,31.4,35.9,50167.0,30341.0,9.5,26202.0,26730.0,50.7,Baldwin Park,16133.0,5390.0,13.9,15.6
36539.0,27.4,21135.0,30101.0,23.9,45054.0,83.4,37704.0,42.3,55167.0,Riverside,25.4,40518.0,2.0,1.08,11388.0,23.9,53.1,46941.0,31968.0,17.7,30022.0,28066.0,79.1,Banning,23805.0,6471.0,11.1,19.5
37377.0,27.4,21103.0,36918.0,24.3,52257.0,92.6,47412.0,31.1,59979.0,San Bernardino,32.6,62063.0,0.6,1.16,10965.0,24.3,42.3,54957.0,31096.0,12.0,31695.0,23089.0,82.9,Barstow,18564.0,4836.0,14.0,24.5
55651.0,21.8,24130.0,44346.0,32.0,79293.0,92.4,58196.0,32.5,85433.0,Riverside,45.2,56522.0,5.1,1.07,11689.0,32.0,30.6,73676.0,51191.0,24.0,43487.0,37276.0,85.5,Beaumont,27544.0,8775.0,25.8,19.0
30905.0,29.8,18949.0,25279.0,28.8,36007.0,66.1,28559.0,28.9,43265.0,Los Angeles,35.9,31189.0,3.6,1.09,7562.0,28.8,30.1,53679.0,22223.0,5.2,25200.0,18484.0,37.9,Bell,9811.0,5348.0,9.8,30.4
29325.0,26.8,17534.0,24894.0,28.1,38268.0,60.6,26573.0,27.3,47223.0,Los Angeles,33.0,36726.0,3.5,1.1,8000.0,28.1,35.3,31944.0,19868.0,4.9,25514.0,18924.0,28.8,Bell Gardens,12571.0,5330.0,7.0,28.3
46604.0,22.8,20603.0,36267.0,28.9,53355.0,83.6,41986.0,31.9,67292.0,Los Angeles,49.6,45850.0,3.0,1.07,9707.0,28.9,31.8,68477.0,34576.0,17.8,30376.0,30463.0,77.3,Bellflower,20553.0,4988.0,15.9,15.6
74428.0,14.2,23472.0,46748.0,25.6,138528.0,98.0,92034.0,40.9,165003.0,San Mateo,54.7,74752.0,24.4,1.05,8723.0,25.6,18.7,104667.0,80006.0,55.2,32279.0,59570.0,96.9,Belmont,29827.0,6672.0,62.5,2.1
66730.0,9.9,31313.0,43969.0,29.8,109473.0,92.7,80457.0,42.9,124930.0,Solano,44.6,75197.0,11.1,1.07,11595.0,29.8,38.3,105338.0,64968.0,41.6,36732.0,50973.0,95.8,Benicia,28522.0,5050.0,38.6,6.1
58517.0,29.0,20813.0,31613.0,26.9,111733.0,96.1,68097.0,31.0,146740.0,Alameda,66.9,44255.0,19.4,1.1,9701.0,26.9,12.4,61832.0,59619.0,66.7,26093.0,39037.0,95.1,Berkeley,38491.0,6119.0,74.4,1.3
55025.0,28.6,16155.0,31000.0,15.9,38704.0,77.8,34280.0,46.1,55881.0,San Bernardino,45.7,30500.0,11.5,1.06,10425.0,15.9,32.1,70298.0,33750.0,29.0,17339.0,23317.0,92.4,Big Bear Lake,28380.0,1823.0,13.5,10.7
40963.0,21.3,19271.0,31042.0,16.9,58889.0,100.0,56875.0,38.3,74003.0,Humboldt,49.1,33393.0,21.1,1.03,7760.0,16.9,22.8,63333.0,26250.0,35.3,30391.0,29261.0,97.4,Blue Lake,28323.0,263.0,37.7,7.0
47863.0,27.9,17307.0,42904.0,14.8,48712.0,68.7,56000.0,38.0,65316.0,Riverside,41.3,57324.0,1.1,1.11,10733.0,14.8,27.3,73056.0,38423.0,10.5,30239.0,26333.0,70.4,Blythe,24108.0,4479.0,4.6,30.3
113839.0,25.0,,57361.0,31.2,118333.0,92.6,91000.0,49.1,200949.0,Los Angeles,31.2,81875.0,24.7,1.07,10585.0,31.2,31.2,81250.0,80511.0,57.4,25000.0,74167.0,92.9,Bradbury,39937.0,2645.0,51.9,12.9
60960.0,21.6,21406.0,43613.0,29.7,96489.0,93.7,68954.0,38.7,108791.0,Orange,55.1,62094.0,13.4,1.06,9796.0,29.7,20.1,81419.0,49495.0,43.5,32565.0,51044.0,93.7,Brea,27968.0,4096.0,47.7,11.4
68024.0,9.4,21618.0,53538.0,40.9,102826.0,89.9,76627.0,35.6,112120.0,Contra Costa,47.7,65795.0,6.1,1.07,9773.0,40.9,39.2,76964.0,52650.0,26.3,41022.0,49029.0,92.3,Brentwood,36153.0,7118.0,24.8,7.0
80438.0,0.0,27578.0,37861.0,24.6,99009.0,98.5,71140.0,41.7,125342.0,San Mateo,63.3,64263.0,20.2,1.08,7393.0,24.6,16.5,70525.0,71354.0,42.4,26907.0,42207.0,89.2,Brisbane,31507.0,4003.0,56.6,0.0
37548.0,21.6,20106.0,50000.0,27.3,88021.0,90.0,57457.0,39.1,94835.0,Santa Barbara,50.4,53880.0,7.7,1.13,8087.0,27.3,21.1,81216.0,51061.0,22.9,27422.0,25000.0,76.4,Buellton,11105.0,3131.0,23.5,20.8
53821.0,17.4,19837.0,37009.0,29.2,70703.0,82.6,46621.0,35.1,82807.0,Orange,54.6,49582.0,8.2,1.08,9738.0,29.2,26.3,70387.0,41706.0,28.1,27488.0,44498.0,85.8,Buena Park,17838.0,6418.0,31.0,10.9
57803.0,20.2,23206.0,39940.0,24.8,80938.0,96.1,56661.0,38.9,96239.0,Los Angeles,52.8,54467.0,14.0,1.06,10160.0,24.8,24.8,71794.0,49771.0,34.5,30170.0,42911.0,88.0,Burbank,26120.0,4968.0,52.0,8.4
72049.0,23.1,27527.0,44347.0,27.2,126823.0,96.3,91224.0,40.5,181044.0,San Mateo,41.8,64651.0,27.6,1.04,7769.0,27.2,20.7,113750.0,69043.0,54.3,30991.0,53196.0,98.0,Burlingame,40435.0,6903.0,69.6,9.9
121629.0,10.8,40682.0,53255.0,31.4,142370.0,98.6,116797.0,41.6,197161.0,Los Angeles,29.9,70091.0,18.6,1.04,13698.0,31.4,38.8,101736.0,67963.0,62.2,44962.0,70481.0,97.8,Calabasas,46715.0,5157.0,74.8,12.7
41964.0,28.4,15083.0,50182.0,32.8,60029.0,87.4,63750.0,34.8,64959.0,Kern,43.9,51250.0,0.0,1.09,9649.0,32.8,41.7,68180.0,38075.0,9.0,27002.0,35046.0,80.3,California City,20841.0,6026.0,14.3,14.4
33754.0,25.7,85375.0,39195.0,31.7,64680.0,100.0,59772.0,48.8,69815.0,Riverside,44.6,65781.0,1.5,1.03,9737.0,31.7,26.9,53674.0,39737.0,12.6,31771.0,25769.0,90.6,Calimesa,18928.0,5005.0,9.0,27.0
60901.0,11.0,20629.0,41544.0,22.3,100816.0,95.9,70552.0,40.8,120421.0,Ventura,50.0,67208.0,13.1,1.05,10397.0,22.3,27.7,85674.0,48311.0,42.8,34516.0,47629.0,93.2,Camarillo,35173.0,6350.0,36.8,9.2
77764.0,16.0,26425.0,42647.0,23.8,98940.0,95.3,71815.0,38.3,124115.0,Santa Clara,38.6,78114.0,29.4,1.05,8932.0,23.8,20.8,96446.0,60187.0,42.3,28690.0,64982.0,94.9,Campbell,33843.0,4505.0,48.6,11.2
56934.0,24.1,50500.0,53583.0,43.4,82782.0,95.5,66607.0,44.0,101135.0,Riverside,53.9,60714.0,0.0,1.09,11775.0,43.4,37.5,68523.0,46483.0,25.1,34306.0,44741.0,97.7,Canyon Lake,36104.0,14506.0,27.3,8.6
49287.0,6.0,31500.0,43287.0,26.6,78825.0,99.6,63719.0,41.9,109120.0,Santa Cruz,52.7,68750.0,2.1,1.05,8011.0,26.6,43.3,52642.0,54394.0,35.9,27500.0,42149.0,89.8,Capitola,22035.0,4111.0,54.7,1.9
72748.0,19.0,22893.0,38154.0,28.3,103459.0,97.5,83120.0,40.4,124544.0,San Diego,53.8,65425.0,12.6,1.05,10178.0,28.3,22.5,85776.0,56758.0,53.1,30806.0,53455.0,96.4,Carlsbad,33611.0,6856.0,50.0,11.1
44331.0,1.0,21842.0,28750.0,21.7,107281.0,100.0,73229.0,59.2,129254.0,Monterey,70.6,33281.0,23.3,1.1,17437.0,21.7,0.0,75167.0,58719.0,53.2,14706.0,34766.0,91.2,Carmel-by-the-Sea,37976.0,,69.0,6.1
54857.0,8.0,20954.0,43330.0,22.2,78468.0,80.0,45760.0,39.5,98299.0,Santa Barbara,35.0,50247.0,6.3,1.07,9661.0,22.2,28.5,75729.0,49358.0,31.0,27679.0,41713.0,84.3,Carpinteria,25224.0,7524.0,42.4,30.3
51114.0,16.5,21767.0,36623.0,26.4,77802.0,89.0,43441.0,37.6,86519.0,Los Angeles,51.4,44596.0,6.1,1.08,9792.0,26.4,26.5,61231.0,42274.0,25.6,31535.0,40459.0,79.7,Carson,25716.0,4757.0,23.9,16.0
48175.0,25.9,17973.0,30790.0,20.4,47677.0,73.8,33674.0,36.0,62717.0,Riverside,37.7,41952.0,2.3,1.11,8155.0,20.4,34.6,66250.0,29359.0,17.0,25085.0,32707.0,71.6,Cathedral City,24876.0,3585.0,7.2,25.4
61274.0,8.7,27324.0,42741.0,30.8,98289.0,98.4,65474.0,44.0,114487.0,Los Angeles,52.3,55000.0,15.8,1.07,8702.0,30.8,24.0,76384.0,52475.0,53.1,30141.0,46672.0,96.2,Cerritos,36540.0,10144.0,52.9,7.9
42136.0,26.9,18293.0,30266.0,17.3,59028.0,92.6,47262.0,28.6,72125.0,Butte,66.6,42263.0,10.0,1.09,9754.0,17.3,17.6,51834.0,37810.0,37.9,23044.0,30525.0,92.3,Chico,27101.0,4370.0,30.1,5.8
54801.0,16.6,25441.0,39947.0,33.7,78961.0,81.4,53717.0,33.2,91778.0,San Bernardino,43.6,60074.0,7.9,1.07,8303.0,33.7,30.1,66404.0,41332.0,19.8,30764.0,47538.0,79.7,Chino,25525.0,4700.0,25.7,18.4
70786.0,9.8,23698.0,47151.0,37.1,105413.0,93.8,73173.0,36.6,120577.0,San Bernardino,54.8,64729.0,12.7,1.09,8832.0,37.1,21.9,82035.0,57914.0,42.4,38283.0,53715.0,92.2,Chino Hills,27634.0,7161.0,50.8,10.5
50892.0,29.4,12311.0,25128.0,23.3,40053.0,64.7,42889.0,34.7,53866.0,Madera,34.6,53077.0,1.2,1.05,8438.0,23.3,38.2,65156.0,33004.0,11.0,24201.0,32595.0,71.0,Chowchilla,17696.0,6064.0,7.4,26.0
48112.0,21.6,22082.0,37945.0,26.8,72969.0,90.3,52512.0,33.7,85562.0,San Diego,50.8,52908.0,5.5,1.07,8579.0,26.8,30.6,66345.0,42175.0,26.1,31372.0,33099.0,80.8,Chula Vista,28394.0,5922.0,27.5,13.0
63505.0,19.8,21563.0,34191.0,27.4,106590.0,96.8,84491.0,38.6,129273.0,Los Angeles,72.1,54480.0,6.9,1.07,8853.0,27.4,17.0,78951.0,58400.0,58.3,26533.0,46116.0,93.1,Claremont,38967.0,7576.0,55.0,4.0
75784.0,30.9,31696.0,56912.0,34.9,139725.0,100.0,102183.0,45.0,161571.0,Contra Costa,38.3,81446.0,6.2,1.04,14805.0,34.9,46.7,107361.0,80000.0,54.3,57885.0,59028.0,98.4,Clayton,37623.0,25178.0,45.6,8.9
27855.0,35.8,18160.0,22564.0,21.1,30654.0,75.1,37150.0,39.9,40708.0,Lake,37.4,16953.0,2.4,1.05,8980.0,21.1,30.6,43239.0,26779.0,8.2,16110.0,17065.0,84.2,Clearlake,14756.0,4320.0,5.4,29.6
46899.0,22.3,22336.0,37168.0,20.5,74688.0,90.9,57331.0,34.1,90351.0,Fresno,52.7,59827.0,6.3,1.06,10037.0,20.5,29.6,73504.0,46834.0,30.4,33311.0,33273.0,88.9,Clovis,28134.0,5340.0,30.2,11.3
42171.0,29.0,17157.0,29769.0,21.5,39755.0,63.4,30202.0,24.5,47794.0,Riverside,29.3,43266.0,2.4,1.09,9748.0,21.5,41.0,48750.0,23739.0,2.1,22037.0,19811.0,37.9,Coachella,13164.0,4400.0,7.7,27.3
54773.0,22.6,23438.0,37349.0,19.1,53924.0,75.6,52155.0,31.9,65268.0,Fresno,55.8,52574.0,2.6,1.08,10987.0,19.1,23.5,67500.0,34565.0,14.7,26625.0,31675.0,77.1,Coalinga,12824.0,6562.0,12.1,18.0
44501.0,21.5,,41705.0,26.0,52632.0,87.0,53558.0,37.9,71690.0,Placer,31.3,46250.0,6.5,1.09,8716.0,26.0,50.6,104792.0,42552.0,15.0,30742.0,34688.0,95.3,Colfax,20012.0,1852.0,10.9,11.6
102219.0,5.8,25000.0,37313.0,26.1,86875.0,93.3,47188.0,36.4,107057.0,San Mateo,53.4,48352.0,8.0,1.16,9600.0,26.1,12.6,64792.0,45650.0,29.8,30938.0,81250.0,81.4,Colma,9912.0,10213.0,48.6,26.0
36848.0,22.6,19705.0,30608.0,27.3,43517.0,79.6,35935.0,28.4,54501.0,San Bernardino,40.6,39643.0,3.9,1.1,9672.0,27.3,32.7,57970.0,31376.0,9.3,21755.0,26507.0,64.7,Colton,25578.0,4576.0,12.6,22.8
53880.0,15.7,18958.0,36786.0,19.1,53125.0,69.2,39234.0,33.5,64627.0,Colusa,17.5,43958.0,4.9,1.14,5934.0,19.1,36.9,92250.0,31193.0,11.8,30299.0,40455.0,77.0,Colusa,24324.0,2135.0,11.2,40.7
37841.0,18.7,22577.0,33159.0,26.5,52231.0,68.4,34605.0,31.2,59111.0,Los Angeles,41.8,48000.0,4.1,1.12,7576.0,26.5,33.1,35625.0,30442.0,4.2,29882.0,18883.0,44.4,Commerce,17102.0,4469.0,11.8,21.0
31317.0,28.9,18732.0,32165.0,27.6,46158.0,65.3,30071.0,28.0,54306.0,Los Angeles,35.1,40306.0,3.1,1.13,11098.0,27.6,33.2,57222.0,29280.0,8.5,25448.0,20951.0,57.1,Compton,17346.0,4757.0,6.2,28.6
56771.0,22.9,20002.0,42329.0,30.0,76181.0,86.6,56039.0,37.0,93962.0,Contra Costa,44.3,59613.0,7.9,1.08,9768.0,30.0,28.9,75292.0,49442.0,30.4,30908.0,45411.0,90.0,Concord,27147.0,5392.0,30.6,18.8
55255.0,13.9,26187.0,48614.0,40.2,82328.0,88.4,60752.0,32.0,97336.0,Contra Costa,42.4,67465.0,1.6,1.09,9366.0,40.2,37.6,68438.0,47933.0,15.5,36321.0,43973.0,86.0,Oakley,22200.0,5495.0,12.2,18.4
59424.0,19.7,22564.0,44526.0,35.2,82329.0,84.8,57597.0,32.5,95475.0,Riverside,42.7,56924.0,6.5,1.09,9844.0,35.2,37.8,82581.0,44877.0,24.6,33359.0,48942.0,84.7,Corona,29433.0,7341.0,27.8,13.1
82983.0,28.6,40000.0,38333.0,19.8,111404.0,98.3,51521.0,40.7,142085.0,San Diego,37.0,55000.0,8.5,1.04,14438.0,19.8,50.6,90124.0,52691.0,67.1,29048.0,59847.0,98.3,Coronado,43374.0,4170.0,38.3,3.9
74202.0,33.2,17107.0,41071.0,21.9,75810.0,85.5,50539.0,33.6,96558.0,Orange,49.1,53543.0,12.1,1.06,10043.0,21.9,23.5,71530.0,48258.0,32.0,30718.0,52076.0,88.2,Costa Mesa,28402.0,7555.0,40.0,15.3
55896.0,17.0,22237.0,40208.0,31.4,71904.0,92.6,54916.0,35.7,84850.0,Los Angeles,55.9,51112.0,7.3,1.08,10648.0,31.4,26.6,76362.0,42472.0,22.8,30656.0,45975.0,85.9,Covina,27504.0,5688.0,29.0,10.3
29483.0,31.4,19484.0,23420.0,32.4,36020.0,59.1,26458.0,27.0,43046.0,Los Angeles,35.8,35655.0,1.4,1.14,7924.0,32.4,32.8,36289.0,22743.0,1.9,22774.0,19833.0,31.7,Cudahy,8330.0,5214.0,5.9,30.0
72171.0,20.1,27727.0,41617.0,24.8,99750.0,95.3,69457.0,40.5,124422.0,Los Angeles,50.2,60811.0,15.4,1.05,9851.0,24.8,24.4,80548.0,62670.0,49.4,36116.0,54231.0,93.9,Culver City,36101.0,5996.0,58.5,10.0
79657.0,17.3,23832.0,46033.0,25.4,152020.0,97.9,131315.0,39.9,173593.0,Santa Clara,46.6,95405.0,24.8,1.06,9695.0,25.4,20.3,121114.0,90641.0,77.0,31729.0,60230.0,97.3,Cupertino,27643.0,9685.0,74.1,8.4
60106.0,18.5,21851.0,44841.0,28.9,87393.0,93.7,65197.0,39.9,103054.0,Orange,59.6,60836.0,10.6,1.06,10518.0,28.9,18.3,75216.0,53022.0,40.7,31963.0,52919.0,93.4,Cypress,28565.0,5014.0,46.5,11.6
59268.0,9.8,25212.0,39870.0,28.6,82923.0,92.1,47449.0,38.3,97647.0,San Mateo,56.8,50225.0,13.0,1.11,9038.0,28.6,22.0,70136.0,45678.0,32.5,31103.0,46165.0,86.6,Daly City,22935.0,7043.0,38.0,8.3
77553.0,30.0,15909.0,41575.0,28.2,99677.0,96.1,72290.0,44.8,132756.0,Orange,42.4,60919.0,19.9,1.06,14007.0,28.2,23.8,85783.0,52305.0,49.2,28010.0,59103.0,96.7,Dana Point,35211.0,7301.0,40.8,14.0
89041.0,40.8,23194.0,53685.0,30.3,153019.0,99.3,128765.0,44.5,192642.0,Contra Costa,33.5,91901.0,13.8,1.05,13634.0,30.3,37.4,113430.0,87008.0,66.7,45208.0,62885.0,98.4,Danville,38802.0,13844.0,69.6,15.2
44239.0,38.9,16798.0,27312.0,20.4,108944.0,98.4,68598.0,25.2,128775.0,Yolo,67.3,45442.0,16.9,1.07,8303.0,20.4,12.6,74124.0,57214.0,72.3,27208.0,30141.0,96.5,Davis,41564.0,4259.0,68.7,3.3
93357.0,0.0,,54500.0,20.0,143694.0,100.0,85505.0,48.6,266324.0,San Diego,0.0,70406.0,31.8,1.04,5907.0,20.0,34.1,80543.0,80968.0,74.1,43100.0,65385.0,98.9,Del Mar,51696.0,,86.0,34.1
58968.0,20.3,31406.0,38523.0,16.6,107500.0,91.0,66513.0,46.2,114387.0,Monterey,27.1,66094.0,15.3,1.06,8303.0,16.6,29.9,76705.0,42000.0,33.0,31500.0,39375.0,95.5,Del Rey Oaks,27744.0,7867.0,39.3,27.8
28128.0,32.5,12492.0,24335.0,21.4,35643.0,62.4,28621.0,28.5,46768.0,Kern,36.2,36607.0,2.1,1.18,8828.0,21.4,26.7,35577.0,25369.0,9.7,21053.0,17963.0,50.1,Delano,19708.0,3614.0,5.2,34.9
35981.0,33.6,20596.0,29169.0,32.9,33990.0,69.1,33784.0,31.0,44750.0,Riverside,26.5,32882.0,2.9,1.11,9641.0,32.9,45.1,46705.0,27573.0,14.5,27866.0,25527.0,66.9,Desert Hot Springs,15614.0,5217.0,12.7,25.6
63035.0,12.6,16940.0,40618.0,33.9,94617.0,97.0,63829.0,41.0,112732.0,Los Angeles,52.3,51688.0,16.9,1.07,8994.0,33.9,22.5,74576.0,50287.0,50.1,28580.0,59803.0,94.3,Diamond Bar,32257.0,3641.0,54.8,8.3
58545.0,16.9,21735.0,48778.0,22.1,76150.0,80.1,54381.0,33.3,87055.0,Solano,36.4,63606.0,4.1,1.09,9818.0,22.1,37.8,62946.0,44934.0,26.1,38686.0,41052.0,81.1,Dixon,25754.0,6089.0,22.2,21.7
50207.0,17.5,24059.0,37921.0,27.7,64574.0,86.1,42778.0,33.3,79231.0,Los Angeles,48.1,48461.0,5.6,1.07,8983.0,27.7,33.6,75326.0,38885.0,20.3,30874.0,38653.0,74.6,Downey,20978.0,4131.0,25.8,12.8
81040.0,13.7,19940.0,50802.0,31.3,128787.0,92.6,95620.0,35.3,143491.0,Alameda,47.9,77480.0,8.3,1.06,9078.0,31.3,26.9,106229.0,67064.0,46.1,31442.0,66636.0,91.6,Dublin,26121.0,5872.0,55.0,16.9
59862.0,23.1,21808.0,36318.0,23.9,48884.0,80.8,38069.0,28.1,69615.0,San Mateo,36.2,47212.0,3.6,1.09,8138.0,23.9,40.6,50526.0,31811.0,10.8,24661.0,39359.0,60.0,East Palo Alto,15123.0,7848.0,22.0,19.5
39108.0,40.8,15712.0,32890.0,24.0,49183.0,81.9,40524.0,33.7,62949.0,San Diego,42.5,44705.0,4.6,1.07,10076.0,24.0,34.2,66583.0,34784.0,18.3,24756.0,31133.0,80.0,El Cajon,23174.0,5991.0,16.9,18.7
81944.0,4.3,12421.0,45409.0,30.4,129448.0,98.5,100823.0,40.6,148026.0,El Dorado,51.9,86410.0,7.7,1.06,12349.0,30.4,33.1,103516.0,66391.0,52.9,37826.0,48547.0,98.7,El Dorado Hills,39214.0,6244.0,43.6,7.3
31981.0,26.6,18937.0,28232.0,30.3,40951.0,70.4,27895.0,31.6,54948.0,Los Angeles,40.0,41172.0,6.8,1.1,9348.0,30.3,29.0,56382.0,27247.0,9.9,24064.0,22281.0,51.3,El Monte,16589.0,6350.0,19.1,24.1
75495.0,9.4,30357.0,48944.0,22.0,101922.0,98.3,77320.0,39.2,122248.0,Los Angeles,35.8,64196.0,19.3,1.04,12069.0,22.0,30.1,81627.0,65058.0,43.1,36055.0,61667.0,96.7,El Segundo,33050.0,3936.0,65.3,14.8
62181.0,14.3,20692.0,43638.0,30.2,82996.0,93.5,60688.0,34.3,98042.0,Sacramento,54.6,60252.0,6.2,1.1,10347.0,30.2,28.4,75104.0,51882.0,35.1,31440.0,52941.0,90.9,Elk Grove,30351.0,6443.0,35.9,10.8
72829.0,31.5,19643.0,30625.0,28.3,75737.0,97.0,66941.0,35.0,98969.0,Alameda,41.1,59952.0,44.5,1.09,9884.0,28.3,5.9,66693.0,62443.0,61.2,37083.0,62238.0,94.9,Emeryville,28710.0,6019.0,78.9,8.5
78636.0,24.3,23108.0,34701.0,24.5,110268.0,91.7,81669.0,41.5,138230.0,San Diego,54.0,58733.0,10.9,1.04,9285.0,24.5,24.1,86340.0,58492.0,56.1,26184.0,53937.0,94.5,Encinitas,48916.0,5824.0,52.2,10.9
40673.0,20.9,22733.0,40167.0,24.4,80237.0,91.3,57358.0,36.0,83627.0,Fresno,38.6,49698.0,20.5,1.05,7896.0,24.4,16.6,75917.0,36690.0,14.5,35226.0,30129.0,85.6,Escalon,26322.0,1704.0,29.9,24.3
41798.0,26.6,21331.0,34119.0,25.8,54331.0,67.9,38357.0,32.5,73473.0,San Diego,37.8,53422.0,6.2,1.09,9158.0,25.8,33.1,68233.0,33407.0,24.9,27281.0,31075.0,78.8,Escondido,25109.0,4878.0,16.7,23.0
34071.0,36.8,23338.0,25075.0,13.3,50379.0,88.7,36649.0,36.2,59679.0,Humboldt,56.1,33162.0,4.0,1.07,9681.0,13.3,24.3,36336.0,33925.0,22.9,25157.0,25183.0,88.4,Eureka,21646.0,4908.0,20.5,15.7
50850.0,22.9,21753.0,41217.0,27.7,73993.0,86.6,50766.0,33.7,87204.0,Solano,47.8,60028.0,4.4,1.11,8700.0,27.7,34.3,82091.0,44870.0,24.2,29461.0,40989.0,89.1,Fairfield,27038.0,4962.0,20.6,13.5
36117.0,5.6,28750.0,20000.0,14.5,50536.0,89.6,46667.0,47.2,86547.0,Humboldt,48.8,31563.0,4.1,1.03,7697.0,14.5,32.4,52083.0,26316.0,33.6,12171.0,24219.0,97.5,Ferndale,24504.0,1925.0,33.6,14.7
35355.0,27.9,20960.0,37840.0,30.9,65182.0,74.2,39958.0,31.9,75078.0,Ventura,42.2,39545.0,14.3,1.08,8978.0,30.9,31.3,71768.0,41388.0,15.3,27375.0,28871.0,70.2,Fillmore,22214.0,4958.0,16.9,12.2
36858.0,27.1,20134.0,21754.0,21.8,35000.0,51.5,25956.0,26.4,44408.0,Fresno,32.8,59750.0,3.7,1.17,9094.0,21.8,31.6,,20755.0,3.4,20847.0,18649.0,36.9,Firebaugh,17205.0,4933.0,9.9,32.0
70915.0,9.9,24028.0,48938.0,24.4,115588.0,88.3,87481.0,37.6,124172.0,Sacramento,43.7,76933.0,9.7,1.06,10415.0,24.4,28.7,92531.0,64313.0,43.1,31065.0,57320.0,94.8,Folsom,35016.0,4228.0,41.3,17.9
51255.0,19.6,22133.0,38422.0,32.1,65790.0,79.2,42180.0,28.7,76722.0,San Bernardino,44.9,49405.0,3.9,1.1,9456.0,32.1,33.7,61736.0,38370.0,16.1,28454.0,37879.0,69.7,Fontana,20819.0,5675.0,16.0,17.6
31120.0,28.1,15625.0,21736.0,12.6,45833.0,75.1,40300.0,37.4,61022.0,Mendocino,16.3,36603.0,7.6,1.1,8493.0,12.6,42.7,30227.0,36250.0,29.6,21498.0,19854.0,88.2,Fort Bragg,16100.0,4003.0,7.8,33.4
34840.0,27.8,15694.0,31386.0,20.6,47737.0,86.8,43092.0,38.1,67573.0,Humboldt,40.9,41207.0,0.0,1.1,9520.0,20.6,36.1,57188.0,35211.0,17.4,26997.0,26429.0,91.1,Fortuna,21592.0,4241.0,17.1,22.9
92561.0,8.5,34655.0,49474.0,26.0,129834.0,98.0,105449.0,39.3,150857.0,San Mateo,50.2,77806.0,20.7,1.08,8995.0,26.0,20.3,106953.0,80520.0,61.9,32115.0,83144.0,98.3,Foster City,34426.0,8541.0,68.3,8.7
64057.0,18.3,21947.0,40025.0,25.0,90317.0,96.4,60439.0,42.6,107093.0,Orange,53.6,60210.0,12.5,1.05,8192.0,25.0,27.5,76683.0,46885.0,36.9,28577.0,48915.0,89.7,Fountain Valley,28200.0,4556.0,44.5,6.4
33993.0,24.8,18003.0,40313.0,18.7,65787.0,76.2,51164.0,31.6,69944.0,Fresno,53.9,63107.0,7.0,1.08,9564.0,18.7,27.2,79205.0,40264.0,15.7,25594.0,19940.0,62.0,Fowler,14079.0,3048.0,13.1,11.9
71799.0,13.4,25731.0,45338.0,29.7,111667.0,94.8,85550.0,36.8,131041.0,Alameda,47.6,73720.0,16.0,1.07,9818.0,29.7,25.8,102985.0,63366.0,46.8,35396.0,55256.0,91.1,Fremont,27132.0,5739.0,58.3,10.6
43214.0,38.0,15729.0,30500.0,21.7,46511.0,79.6,41024.0,29.3,63846.0,Fresno,49.0,50228.0,4.2,1.08,9972.0,21.7,26.4,65632.0,35130.0,21.8,24542.0,29076.0,75.2,Fresno,23156.0,5478.0,19.1,20.4
59479.0,27.2,17016.0,36739.0,28.1,76760.0,87.9,52941.0,34.8,99667.0,Orange,56.6,49311.0,11.3,1.08,10088.0,28.1,22.9,81768.0,43326.0,39.0,26771.0,44603.0,87.9,Fullerton,28105.0,6136.0,34.3,9.1
47840.0,31.0,20539.0,38373.0,28.5,60504.0,85.8,49388.0,32.4,70673.0,Sacramento,44.8,60556.0,3.5,1.1,11262.0,28.5,41.6,61250.0,39921.0,13.2,30833.0,39209.0,80.5,Galt,23227.0,5178.0,17.9,10.2
49380.0,22.5,20067.0,36499.0,26.4,61890.0,82.5,41109.0,35.6,76125.0,Orange,52.3,44787.0,8.4,1.09,10244.0,26.4,25.0,63577.0,35584.0,15.8,28193.0,36330.0,71.8,Garden Grove,20587.0,5324.0,25.4,14.2
43807.0,24.7,17897.0,32629.0,26.2,55072.0,89.2,43845.0,37.9,70767.0,Los Angeles,49.5,46971.0,6.3,1.06,9160.0,26.2,29.8,65565.0,38426.0,25.5,28636.0,31563.0,80.0,Gardena,25078.0,6652.0,30.2,14.3
62337.0,22.6,19362.0,41225.0,29.6,85877.0,77.8,53446.0,32.4,101793.0,Santa Clara,40.3,77346.0,6.7,1.12,9925.0,29.6,35.9,78138.0,48810.0,27.9,35409.0,41723.0,79.4,Gilroy,28608.0,4567.0,18.4,17.2
55108.0,23.9,18224.0,30163.0,26.5,61352.0,94.3,49563.0,41.0,85884.0,Los Angeles,53.0,47862.0,15.7,1.06,11593.0,26.5,22.6,64630.0,45043.0,37.5,24167.0,37818.0,85.8,Glendale,26563.0,6294.0,46.4,8.7
58193.0,14.6,24929.0,42162.0,31.5,83094.0,94.2,64769.0,40.2,102237.0,Los Angeles,56.1,59224.0,13.4,1.07,11247.0,31.5,24.6,75154.0,46136.0,31.6,27087.0,41630.0,90.9,Glendora,31017.0,4711.0,31.3,5.9
62815.0,29.2,17973.0,31250.0,23.4,47500.0,60.5,36181.0,27.0,54451.0,Monterey,30.8,61141.0,0.0,1.14,5412.0,23.4,31.1,,31651.0,4.3,31030.0,87888.0,41.6,Gonzales,20786.0,6843.0,1.9,38.2
46929.0,20.7,28667.0,43185.0,24.3,81302.0,93.2,52139.0,36.1,97446.0,San Bernardino,47.7,58533.0,6.6,1.07,10527.0,24.3,25.5,57471.0,46031.0,22.9,34804.0,39740.0,86.7,Grand Terrace,25951.0,2914.0,31.9,20.1
47573.0,51.9,17708.0,24771.0,13.3,42644.0,78.4,43034.0,43.2,63372.0,Nevada,39.0,31800.0,3.8,1.08,8776.0,13.3,44.7,42422.0,34330.0,29.5,22401.0,29315.0,91.2,Grass Valley,20257.0,4869.0,19.6,12.4
64081.0,22.5,14793.0,32146.0,26.2,50495.0,62.4,31848.0,25.5,57414.0,Monterey,32.6,44286.0,2.2,1.18,9042.0,26.2,32.0,54583.0,28293.0,8.1,23844.0,61058.0,34.6,Greenfield,25504.0,2785.0,14.9,33.2
58788.0,18.3,18988.0,25909.0,21.7,46763.0,58.4,27530.0,28.2,51954.0,Santa Barbara,35.8,46898.0,2.8,1.19,8330.0,21.7,29.4,63690.0,23969.0,5.9,27614.0,31645.0,42.6,Guadalupe,18894.0,5284.0,6.0,31.9
98085.0,11.3,26380.0,49886.0,28.9,110625.0,75.0,68506.0,43.2,149636.0,San Mateo,37.1,88750.0,5.9,1.09,4951.0,28.9,19.4,74853.0,58545.0,56.6,31170.0,58934.0,85.7,Half Moon Bay,34827.0,20086.0,29.3,37.6
29824.0,22.9,20129.0,29077.0,25.9,43550.0,69.8,30508.0,28.4,52589.0,Los Angeles,47.6,45000.0,0.8,1.13,10887.0,25.9,36.6,18438.0,28225.0,13.3,22990.0,22038.0,53.9,Hawaiian Gardens,11127.0,5772.0,13.6,15.0
43932.0,24.9,21063.0,32608.0,27.6,47709.0,82.2,37558.0,31.5,60926.0,Los Angeles,46.4,43779.0,6.7,1.07,9862.0,27.6,28.0,67792.0,33224.0,17.6,25791.0,34767.0,72.1,Hawthorne,21196.0,5102.0,19.2,18.9
47839.0,19.0,21561.0,36728.0,29.1,68643.0,83.5,45031.0,33.5,85270.0,Alameda,47.5,53307.0,7.7,1.1,9455.0,29.1,28.9,71141.0,44310.0,24.1,31133.0,38305.0,81.1,Hayward,21997.0,5758.0,27.8,15.9
29547.0,25.2,20085.0,27446.0,30.9,42446.0,80.4,37680.0,39.0,52392.0,Riverside,41.4,34975.0,1.7,1.1,9334.0,30.9,35.4,74350.0,30867.0,12.6,24136.0,21722.0,80.7,Hemet,19368.0,4782.0,8.1,21.5
32687.0,33.4,21559.0,36738.0,37.1,48617.0,77.8,44732.0,30.5,58543.0,San Bernardino,43.0,44596.0,2.6,1.17,10362.0,37.1,32.3,58188.0,34024.0,9.5,31095.0,21488.0,77.8,Hesperia,19271.0,4995.0,9.6,22.0
51289.0,32.7,19232.0,39756.0,24.5,59095.0,76.3,46631.0,30.6,76793.0,San Bernardino,39.3,61580.0,6.1,1.1,11505.0,24.5,34.5,80772.0,41912.0,19.0,26845.0,34392.0,72.9,Highland,30456.0,6142.0,19.6,20.1
132217.0,25.4,18162.0,77031.0,24.7,,94.9,160307.0,47.5,387313.0,San Mateo,46.9,87679.0,25.3,1.07,6575.0,24.7,27.8,161064.0,124375.0,78.4,21111.0,101442.0,98.6,Hillsborough,42946.0,15992.0,80.0,0.0
52268.0,10.9,19104.0,32750.0,24.1,47857.0,100.0,30833.0,42.2,55973.0,Humboldt,53.5,31442.0,0.0,1.11,11662.0,24.1,34.8,47813.0,37554.0,17.4,35844.0,39769.0,84.2,Humboldt Hill,19149.0,7737.0,13.3,11.7
73095.0,23.2,20390.0,44497.0,27.1,97443.0,92.9,72084.0,40.2,122851.0,Orange,57.1,65085.0,8.8,1.05,10556.0,27.1,24.1,82516.0,52275.0,41.1,35853.0,54078.0,93.2,Huntington Beach,34980.0,6383.0,41.2,10.0
30565.0,27.8,17859.0,24915.0,29.9,37169.0,60.5,25601.0,28.9,44787.0,Los Angeles,34.9,36483.0,2.7,1.12,7811.0,29.9,33.1,38988.0,22693.0,4.3,24543.0,17404.0,32.4,Huntington Park,13373.0,5206.0,10.2,29.2
15411.0,30.7,16480.0,24041.0,28.8,22285.0,43.5,23049.0,24.7,35262.0,Fresno,15.3,,1.5,1.17,6387.0,28.8,24.3,,19784.0,0.0,11859.0,11810.0,25.0,Huron,49933.0,4550.0,1.8,58.8
40461.0,22.0,21743.0,32285.0,25.5,53750.0,91.4,40399.0,31.0,64186.0,San Diego,40.0,45472.0,3.4,1.08,8502.0,25.5,37.7,61556.0,34117.0,19.1,25357.0,31627.0,80.2,Imperial Beach,21799.0,5132.0,17.0,18.9
63923.0,19.7,16997.0,42778.0,19.2,66875.0,95.5,54139.0,29.9,77973.0,Imperial,47.9,53603.0,10.4,1.04,6001.0,19.2,36.1,76406.0,40596.0,21.8,29609.0,54681.0,82.7,Imperial,27942.0,1033.0,24.4,5.6
92642.0,3.4,,41635.0,26.8,117813.0,80.5,97083.0,66.7,198296.0,Riverside,25.6,62833.0,29.3,1.05,9637.0,26.8,40.2,102708.0,82727.0,54.0,64375.0,33250.0,99.1,Indian Wells,46566.0,3670.0,51.2,4.9
46804.0,31.4,17735.0,35599.0,22.9,54349.0,74.4,38068.0,32.2,67781.0,Riverside,33.5,47842.0,2.0,1.09,10375.0,22.9,37.1,72399.0,36738.0,15.7,24381.0,27246.0,73.5,Indio,29200.0,6145.0,17.7,27.4
43900.0,50.0,,57500.0,22.8,49360.0,100.0,49055.0,37.5,78363.0,Los Angeles,77.8,48841.0,0.0,0.98,,22.8,22.2,,52000.0,19.7,28750.0,34375.0,87.9,Industry,11660.0,,0.0,0.0
43827.0,30.5,18768.0,31822.0,28.5,47928.0,76.8,33938.0,33.4,62345.0,Los Angeles,42.1,41707.0,5.7,1.08,8913.0,28.5,30.5,65896.0,39059.0,17.1,26220.0,31881.0,71.3,Inglewood,28203.0,4218.0,18.5,21.7
26849.0,34.3,,82875.0,24.6,102578.0,,83075.0,48.2,101324.0,Inyo,29.5,86731.0,0.0,1.01,8475.0,24.6,0.0,,70268.0,29.5,,15430.0,85.3,Inyokern,18167.0,,,70.5
79890.0,22.8,19586.0,41722.0,23.6,107064.0,98.3,86173.0,33.9,132457.0,Orange,61.4,62870.0,15.2,1.05,9167.0,23.6,19.8,91835.0,61922.0,64.1,37637.0,64085.0,97.1,Irvine,40158.0,6953.0,68.6,3.6
56997.0,9.7,20962.0,45179.0,23.8,63750.0,84.5,40250.0,34.0,75694.0,Los Angeles,54.1,62188.0,2.6,1.08,8248.0,23.8,31.1,,30800.0,10.6,25341.0,48594.0,67.1,Irwindale,24960.0,4718.0,10.9,12.2
30324.0,14.8,25648.0,40375.0,27.0,29750.0,34.7,37321.0,42.1,42161.0,Sacramento,54.8,17857.0,0.0,1.07,7717.0,27.0,45.2,,27279.0,1.1,11875.0,18750.0,77.8,Isleton,16977.0,882.0,0.0,0.0
37275.0,26.5,20639.0,31355.0,23.8,51698.0,79.9,34199.0,28.2,65371.0,Fresno,48.9,49625.0,1.8,1.12,10525.0,23.8,28.9,68516.0,30889.0,4.6,21636.0,28833.0,44.4,Kerman,11726.0,3938.0,11.9,20.3
44243.0,21.9,16816.0,31449.0,22.3,45976.0,50.3,31520.0,25.9,55320.0,Monterey,25.8,27457.0,0.0,1.23,11340.0,22.3,20.8,67188.0,30893.0,3.7,24569.0,19038.0,34.9,King City,17503.0,3190.0,1.6,53.4
35163.0,19.1,19006.0,42648.0,22.4,62355.0,94.8,50142.0,33.7,78298.0,Fresno,51.5,42083.0,4.6,1.03,8106.0,22.4,31.8,53148.0,39966.0,20.4,20600.0,22054.0,81.5,Kingsburg,20191.0,7064.0,32.8,12.1
96121.0,0.4,16964.0,48583.0,26.3,175134.0,98.2,121889.0,45.9,252110.0,Los Angeles,53.0,79315.0,24.1,1.05,11419.0,26.3,15.3,121204.0,76000.0,76.6,44423.0,65298.0,99.1,La Canada Flintridge,59876.0,1747.0,78.3,7.7
49216.0,18.5,19321.0,41751.0,27.7,68218.0,81.3,42419.0,33.6,83743.0,Orange,48.0,44442.0,5.3,1.07,8895.0,27.7,34.2,77443.0,41014.0,20.9,30327.0,38946.0,80.7,La Habra,25210.0,5666.0,21.6,12.5
88199.0,1.1,55485.0,66947.0,29.0,131528.0,98.7,103750.0,47.6,162047.0,Los Angeles,48.7,63167.0,2.7,1.04,8339.0,29.0,46.0,102417.0,66964.0,46.1,41742.0,79643.0,99.0,La Habra Heights,43284.0,4115.0,54.7,2.7
49752.0,23.0,27763.0,34853.0,23.3,68792.0,95.9,52466.0,37.1,85501.0,San Diego,52.9,47919.0,10.0,1.06,9407.0,23.3,29.2,68462.0,43183.0,33.2,30236.0,38867.0,91.8,La Mesa,26256.0,4823.0,39.3,7.9
56849.0,14.7,20645.0,45307.0,29.3,90146.0,91.7,60253.0,37.9,101991.0,Los Angeles,65.2,57845.0,8.8,1.05,10364.0,29.3,19.8,70640.0,50520.0,28.6,36357.0,34731.0,90.3,La Mirada,27131.0,9915.0,27.9,6.2
66950.0,18.3,30458.0,41385.0,29.8,94500.0,92.6,66829.0,41.2,112339.0,Orange,56.3,59511.0,15.4,1.07,11254.0,29.8,22.2,83958.0,56129.0,43.6,49375.0,53229.0,94.4,La Palma,35585.0,6221.0,42.3,6.1
42962.0,14.7,22454.0,33307.0,31.3,54486.0,71.8,30425.0,31.5,61996.0,Los Angeles,39.2,35523.0,2.3,1.1,9233.0,31.3,33.0,52279.0,27695.0,8.7,26936.0,28333.0,56.6,La Puente,15171.0,5237.0,11.3,25.5
57639.0,17.9,23531.0,38384.0,23.8,76534.0,84.0,59327.0,45.6,110454.0,Riverside,39.9,51387.0,3.4,1.07,9980.0,23.8,39.2,86415.0,41661.0,33.7,29854.0,43077.0,90.6,La Quinta,39567.0,5098.0,19.3,17.5
58329.0,15.0,22500.0,44972.0,29.3,92000.0,93.8,64966.0,42.9,106876.0,Los Angeles,59.9,54904.0,8.0,1.07,10211.0,29.3,24.6,77994.0,52081.0,36.7,31122.0,36949.0,93.0,La Verne,36629.0,5895.0,37.6,7.4
90208.0,7.4,31484.0,43283.0,28.6,168234.0,100.0,136250.0,45.2,208309.0,Contra Costa,47.2,85666.0,24.3,1.04,10192.0,28.6,22.1,120647.0,85352.0,72.6,37941.0,58162.0,97.0,Lafayette,41270.0,9992.0,68.0,6.4
96055.0,24.1,27212.0,41993.0,26.9,135914.0,98.2,105926.0,48.3,204247.0,Orange,55.9,63190.0,8.1,1.03,14745.0,26.9,14.5,97727.0,68730.0,62.8,40938.0,57284.0,98.0,Laguna Beach,42601.0,12495.0,66.8,21.6
71657.0,14.5,26754.0,44676.0,26.0,102184.0,91.0,72523.0,40.8,138724.0,Orange,47.5,60602.0,12.3,1.06,10967.0,26.0,23.6,93378.0,53822.0,48.1,30375.0,58170.0,93.4,Laguna Hills,26727.0,9001.0,45.3,16.6
78180.0,15.1,15625.0,43150.0,28.5,125056.0,96.8,90084.0,42.8,150236.0,Orange,52.3,66901.0,14.0,1.06,10138.0,28.5,27.2,100481.0,61807.0,58.1,29706.0,60020.0,97.3,Laguna Niguel,35055.0,9194.0,48.0,6.5
45547.0,17.3,11023.0,31150.0,26.2,54082.0,100.0,77019.0,77.0,75541.0,Orange,92.9,26630.0,0.0,1.05,9051.0,26.2,0.0,46950.0,51981.0,48.6,21224.0,30365.0,97.3,Laguna Woods,28003.0,4851.0,26.1,7.1
49770.0,19.1,22156.0,35087.0,43.2,65171.0,81.9,44896.0,29.8,74606.0,Riverside,40.8,53102.0,2.9,1.1,8594.0,43.2,38.6,74688.0,39351.0,14.1,31290.0,35734.0,75.9,Lake Elsinore,18728.0,5706.0,15.9,17.7
66883.0,17.1,22861.0,46539.0,25.3,108636.0,92.2,69972.0,37.2,125827.0,Orange,54.8,69009.0,11.8,1.05,8529.0,25.3,23.6,82341.0,53834.0,43.5,32731.0,53872.0,92.9,Lake Forest,29514.0,9267.0,43.6,9.8
40318.0,36.2,15714.0,25944.0,28.4,49327.0,86.9,62625.0,44.2,69211.0,Lake,48.3,62955.0,10.3,1.05,11932.0,28.4,35.4,80577.0,39732.0,26.3,30250.0,22458.0,87.7,Lakeport,46601.0,3921.0,11.3,6.0
55871.0,17.0,23466.0,44693.0,27.7,88123.0,91.0,58802.0,37.5,94312.0,Los Angeles,48.1,60212.0,7.8,1.07,9336.0,27.7,32.4,72414.0,46896.0,27.9,35603.0,43382.0,89.1,Lakewood,22289.0,6207.0,34.9,11.7
44662.0,29.6,23240.0,39675.0,30.6,55572.0,85.1,47678.0,30.4,68993.0,Los Angeles,44.1,56242.0,4.2,1.08,9603.0,30.6,33.0,76888.0,36662.0,18.3,32673.0,33779.0,80.1,Lancaster,25492.0,5567.0,15.0,18.6
53237.0,10.4,19310.0,41264.0,38.2,61009.0,77.6,50300.0,30.5,68637.0,Fresno,34.0,41458.0,4.5,1.07,11120.0,38.2,41.4,48750.0,38229.0,15.4,29167.0,37500.0,78.4,Lathrop,16814.0,4110.0,11.1,20.2
46841.0,21.3,20325.0,33592.0,24.1,48002.0,82.2,34572.0,31.9,58129.0,Los Angeles,41.3,40737.0,4.2,1.07,8669.0,24.1,27.6,55182.0,33246.0,17.6,24939.0,35585.0,68.3,Lawndale,14642.0,4960.0,17.2,26.8
42207.0,28.9,17851.0,37574.0,25.7,56582.0,87.0,44882.0,35.0,68223.0,San Diego,46.4,41567.0,6.5,1.08,8745.0,25.7,28.1,58429.0,36783.0,13.9,34757.0,34701.0,82.8,Lemon Grove,20468.0,5591.0,16.7,18.9
60362.0,22.4,25198.0,38916.0,27.7,81400.0,93.5,58279.0,40.5,89733.0,Placer,55.9,63733.0,1.9,1.06,11385.0,27.7,29.1,64475.0,51103.0,26.1,32879.0,44732.0,93.7,Lincoln,35559.0,6808.0,31.3,13.0
71745.0,14.8,23754.0,50911.0,29.1,111149.0,92.3,85208.0,,130303.0,Alameda,54.2,72897.0,10.5,1.06,10107.0,29.1,23.8,102281.0,52739.0,41.1,40242.0,56540.0,94.2,Livermore,39736.0,5901.0,38.4,11.5
47052.0,28.3,18005.0,36065.0,22.4,55357.0,73.6,45628.0,34.3,74781.0,Fresno,35.5,54310.0,3.5,1.08,9189.0,22.4,38.6,71250.0,38265.0,22.5,29192.0,31802.0,80.1,Lodi,28437.0,4986.0,14.9,22.4
49641.0,12.3,21375.0,35509.0,19.2,65754.0,94.1,49098.0,33.2,93156.0,San Bernardino,39.0,51318.0,29.5,1.05,9334.0,19.2,23.1,66139.0,49964.0,42.1,31163.0,35240.0,83.2,Loma Linda,26622.0,4085.0,59.3,8.5
47238.0,25.7,13224.0,34731.0,26.0,69248.0,90.0,51447.0,39.6,87876.0,Los Angeles,53.2,50653.0,7.9,1.06,9443.0,26.0,22.7,67262.0,45659.0,28.4,31408.0,29522.0,86.9,Lomita,25633.0,3141.0,24.8,16.1
43795.0,31.7,18877.0,35185.0,25.1,50785.0,73.5,36158.0,33.9,64426.0,Santa Barbara,44.8,54299.0,4.7,1.15,9153.0,25.1,28.5,62985.0,38832.0,12.9,29273.0,32492.0,75.1,Lompoc,23554.0,5904.0,14.7,22.0
56697.0,30.0,18650.0,35700.0,28.7,59427.0,84.3,46962.0,33.2,82124.0,Los Angeles,49.0,52965.0,7.5,1.07,9736.0,28.7,27.3,72626.0,42692.0,27.6,26977.0,41542.0,77.7,Long Beach,26878.0,5397.0,30.5,16.2
43297.0,11.8,107571.0,36647.0,25.9,91795.0,98.5,63707.0,42.1,103187.0,Placer,44.6,71868.0,10.4,1.03,5506.0,25.9,36.4,95846.0,48453.0,31.2,36906.0,31322.0,98.8,Loomis,27167.0,4194.0,19.0,8.6
67299.0,20.6,26250.0,44888.0,27.3,89240.0,95.3,67038.0,38.7,114341.0,Orange,50.5,60078.0,10.9,1.04,12697.0,27.3,23.6,84375.0,55015.0,37.7,42313.0,57966.0,92.7,Los Alamitos,28524.0,5319.0,36.6,15.1
115224.0,6.9,31161.0,44155.0,22.1,189551.0,98.8,163184.0,46.2,255507.0,Santa Clara,41.0,100654.0,29.3,1.03,7991.0,22.1,21.0,133082.0,112742.0,83.3,44531.0,55664.0,99.0,Los Altos,30698.0,6647.0,73.0,8.7
187227.0,0.0,,27431.0,22.6,223068.0,97.2,161750.0,50.2,337254.0,Santa Clara,43.5,80481.0,23.8,1.04,7491.0,22.6,15.7,140188.0,101830.0,87.6,48667.0,102875.0,98.7,Los Altos Hills,45216.0,8269.0,82.4,17.1
60038.0,30.3,16957.0,32205.0,29.2,54024.0,80.9,39155.0,34.1,85517.0,Los Angeles,45.5,48483.0,11.1,1.08,9456.0,29.2,24.8,68705.0,38522.0,29.1,23948.0,38517.0,72.3,Los Angeles,26264.0,5342.0,35.7,18.7
92457.0,17.6,31680.0,44531.0,24.8,157899.0,98.2,130313.0,45.0,205123.0,Santa Clara,44.4,92543.0,20.5,1.03,11525.0,24.8,22.1,109096.0,80000.0,70.1,40399.0,67240.0,99.1,Los Gatos,32272.0,10401.0,65.2,12.9
34479.0,29.9,17950.0,31730.0,22.8,43488.0,57.4,31677.0,26.6,52582.0,Madera,31.2,44122.0,1.8,1.14,9317.0,22.8,26.7,62010.0,33430.0,10.2,24455.0,22343.0,61.2,Madera,23248.0,6482.0,7.7,40.3
181781.0,14.6,40313.0,52359.0,32.6,159609.0,98.9,122132.0,47.8,281825.0,Los Angeles,64.9,76319.0,9.5,1.05,10399.0,32.6,15.3,90870.0,76750.0,63.8,40563.0,75710.0,98.7,Malibu,43402.0,5240.0,83.5,10.3
53602.0,9.2,26679.0,29509.0,12.1,70397.0,73.9,36937.0,32.6,74978.0,Mono,45.2,44009.0,17.4,1.16,14293.0,12.1,24.2,14000.0,38067.0,47.0,23500.0,48827.0,88.8,Mammoth Lakes,30274.0,,20.7,13.2
49944.0,17.2,23352.0,39270.0,31.7,66493.0,84.1,50869.0,33.6,76131.0,Fresno,44.9,50390.0,6.1,1.09,10061.0,31.7,33.7,64567.0,39653.0,15.9,30718.0,41931.0,85.0,Manteca,25250.0,4965.0,17.4,15.3
39304.0,26.3,22727.0,23611.0,32.5,41250.0,77.5,45357.0,39.4,50298.0,Kern,35.6,,0.0,1.04,8856.0,32.5,53.4,14792.0,29750.0,3.4,41731.0,23947.0,85.3,Maricopa,12652.0,2565.0,0.0,11.0
48535.0,28.5,16845.0,19615.0,22.7,49821.0,84.9,40938.0,35.6,71096.0,Marin,78.5,63194.0,3.8,1.1,9353.0,22.7,17.6,100227.0,63200.0,38.5,13065.0,35446.0,95.5,Marin City,27278.0,4578.0,35.3,0.0
46663.0,34.0,16081.0,38290.0,23.3,61577.0,81.0,44592.0,34.0,78113.0,Monterey,64.2,52589.0,8.6,1.09,7869.0,23.3,20.7,64318.0,45959.0,22.0,26767.0,35713.0,84.1,Marina,24289.0,4292.0,27.4,6.6
29527.0,63.7,13575.0,11995.0,23.9,33533.0,50.6,29196.0,49.3,46592.0,Mariposa,65.2,62692.0,0.0,1.0,3824.0,23.9,34.8,,24479.0,10.0,22639.0,19102.0,58.6,Mariposa,25865.0,6114.0,16.7,0.0
70121.0,17.5,31303.0,49902.0,27.9,96504.0,94.5,70730.0,42.2,111149.0,Contra Costa,45.2,63880.0,9.2,1.07,10589.0,27.9,28.0,86715.0,60043.0,36.1,36926.0,58683.0,95.1,Martinez,34139.0,5662.0,32.1,17.7
26722.0,27.5,18064.0,27283.0,28.0,37433.0,50.3,26197.0,27.9,46759.0,Los Angeles,34.8,29280.0,2.2,1.1,8218.0,28.0,30.2,61406.0,22405.0,3.4,25513.0,19407.0,31.9,Maywood,13691.0,4559.0,6.1,32.8
23639.0,29.0,13758.0,26976.0,23.6,33772.0,54.8,25717.0,25.7,39929.0,Kern,20.1,16964.0,0.4,1.28,9146.0,23.6,33.9,71979.0,25161.0,3.9,19669.0,14038.0,30.1,McFarland,9468.0,4629.0,5.2,45.6
51063.0,0.0,,45807.0,17.2,56722.0,100.0,47396.0,56.1,103595.0,Mendocino,15.6,43480.0,3.1,,,17.2,81.3,26500.0,25833.0,63.8,,51927.0,90.9,Mendocino,44610.0,,0.0,0.0
21219.0,44.9,10958.0,21576.0,29.3,24621.0,40.4,23104.0,26.2,30898.0,Fresno,26.3,13672.0,1.0,1.5,5526.0,29.3,22.7,,19813.0,0.4,17936.0,14315.0,26.4,Mendota,15417.0,5047.0,3.7,50.0
104857.0,14.6,25947.0,35758.0,22.1,157153.0,94.9,109970.0,38.7,218146.0,San Mateo,40.9,78005.0,31.4,1.05,10155.0,22.1,20.1,102286.0,76230.0,69.4,27089.0,77228.0,92.0,Menlo Park,38735.0,7452.0,74.0,7.7
35561.0,34.5,15675.0,29650.0,22.4,43679.0,75.9,40476.0,28.1,57615.0,Merced,55.1,45657.0,2.9,1.06,10079.0,22.4,27.9,61736.0,32401.0,16.5,26269.0,25279.0,72.6,Merced,23267.0,5226.0,15.4,14.1
64519.0,7.8,29464.0,47014.0,27.5,100059.0,92.7,71526.0,44.8,126674.0,San Mateo,46.1,66861.0,28.6,1.07,10944.0,27.5,18.0,94323.0,54520.0,39.2,35298.0,48465.0,93.1,Millbrae,33457.0,8132.0,52.4,7.4
77193.0,12.8,22185.0,44417.0,23.3,100223.0,92.3,67172.0,36.1,118488.0,Santa Clara,46.6,64483.0,14.5,1.08,10423.0,23.3,29.1,100844.0,53945.0,37.3,31101.0,59543.0,86.2,Milpitas,22673.0,6333.0,49.7,9.8
71328.0,15.7,23656.0,48682.0,26.6,108545.0,96.2,79571.0,42.2,125517.0,Orange,55.4,72128.0,11.8,1.05,10926.0,26.6,24.3,90733.0,56633.0,47.7,32270.0,53315.0,95.1,Mission Viejo,30996.0,8641.0,38.9,8.4
42592.0,29.4,16895.0,35156.0,25.2,53999.0,83.5,48132.0,34.2,70623.0,Stanislaus,46.6,55776.0,3.4,1.07,10196.0,25.2,35.3,71767.0,38562.0,20.3,26897.0,30263.0,82.2,Modesto,23690.0,5113.0,13.7,14.7
,,,,,,100.0,,41.0,,Mono,,,,,,,,,,,,,,Mono City,,,0.0,
58939.0,11.4,19880.0,40729.0,28.3,83097.0,91.6,60863.0,37.9,100217.0,Los Angeles,45.4,59417.0,6.9,1.05,8808.0,28.3,36.3,74679.0,44556.0,33.0,27165.0,43273.0,87.9,Monrovia,29373.0,5807.0,36.0,11.4
35202.0,22.0,20227.0,34544.0,30.9,51452.0,78.3,35612.0,30.7,61817.0,San Bernardino,43.8,39107.0,6.7,1.07,8621.0,30.9,32.2,47250.0,31818.0,11.3,27068.0,27386.0,67.5,Montclair,17260.0,5801.0,17.4,17.3
73595.0,0.0,,66042.0,29.2,221250.0,100.0,166250.0,48.3,297083.0,Santa Clara,38.3,137105.0,37.6,1.04,24631.0,29.2,24.1,160078.0,137007.0,72.3,25341.0,56750.0,99.6,Monte Sereno,37191.0,,59.8,0.0
39382.0,18.4,21100.0,35520.0,33.6,54931.0,81.2,35882.0,34.7,70089.0,Los Angeles,44.6,45771.0,5.2,1.08,10445.0,33.6,31.2,67708.0,35284.0,16.0,28695.0,25856.0,67.2,Montebello,23314.0,6218.0,22.3,19.0
54536.0,22.0,17907.0,34777.0,15.9,79340.0,92.6,61790.0,36.9,96024.0,Monterey,45.5,52705.0,24.0,1.1,7358.0,15.9,18.9,67175.0,51025.0,41.9,31698.0,43883.0,95.9,Monterey,32269.0,10203.0,54.2,11.5
42092.0,21.2,18631.0,32500.0,28.8,63343.0,94.2,42568.0,43.1,83715.0,Los Angeles,55.8,48646.0,11.4,1.07,9688.0,28.8,25.9,68815.0,40671.0,26.7,23662.0,23257.0,77.9,Monterey Park,28588.0,4876.0,42.1,6.9
65511.0,25.1,24431.0,39894.0,25.0,107810.0,90.7,67500.0,34.7,121978.0,Ventura,55.9,69891.0,8.9,1.06,8487.0,25.0,27.3,92043.0,46787.0,41.9,36210.0,54401.0,89.2,Moorpark,30112.0,5594.0,32.4,7.9
75065.0,17.1,24625.0,39375.0,33.3,156743.0,99.0,133813.0,45.0,191612.0,Contra Costa,76.0,67500.0,7.6,1.06,8347.0,33.3,12.8,120217.0,80673.0,76.2,37188.0,56955.0,98.7,Moraga,43483.0,5963.0,81.2,3.6
48044.0,23.7,23079.0,35330.0,34.2,55717.0,81.8,42273.0,28.6,66862.0,Riverside,39.2,45063.0,3.1,1.09,10081.0,34.2,37.1,62438.0,35615.0,16.6,26729.0,40976.0,76.0,Moreno Valley,25145.0,5499.0,14.2,20.6
67839.0,27.5,19924.0,47273.0,31.0,105778.0,82.9,84467.0,36.8,133281.0,Santa Clara,49.5,75707.0,9.7,1.08,11817.0,31.0,23.5,101543.0,55816.0,38.8,33376.0,48481.0,91.6,Morgan Hill,34630.0,6928.0,30.5,17.3
97654.0,21.3,21319.0,37968.0,21.1,117513.0,92.1,101309.0,35.9,147473.0,Santa Clara,38.4,81297.0,33.9,1.07,9783.0,21.1,18.0,103009.0,71906.0,59.7,30839.0,73257.0,93.4,Mountain View,23345.0,7162.0,70.2,9.6
55415.0,9.9,23617.0,41758.0,34.7,81859.0,92.9,62924.0,33.4,96997.0,Riverside,48.0,59486.0,3.0,1.08,9390.0,34.7,36.6,70490.0,40901.0,30.2,31252.0,42357.0,93.8,Murrieta,23543.0,3789.0,23.7,12.4
59489.0,18.6,22995.0,38319.0,21.5,73664.0,70.6,49975.0,37.4,89777.0,Napa,42.6,54348.0,5.5,1.08,9750.0,21.5,33.5,75789.0,44739.0,28.9,29216.0,43125.0,84.3,Napa,28299.0,5253.0,22.7,18.4
35637.0,29.6,19725.0,29240.0,24.6,40598.0,82.5,31660.0,30.2,51605.0,San Diego,43.3,31698.0,4.7,1.11,9156.0,24.6,38.5,37159.0,27253.0,11.8,24694.0,21458.0,66.2,National City,21294.0,5031.0,14.4,13.5
27760.0,38.3,25833.0,26494.0,26.5,33265.0,87.6,45863.0,39.3,48363.0,San Bernardino,27.4,31750.0,4.1,1.06,10044.0,26.5,43.5,81250.0,31580.0,9.4,20926.0,18830.0,79.7,Needles,20963.0,2997.0,1.1,24.9
57774.0,100.0,,24792.0,24.3,71860.0,90.4,48622.0,47.5,102605.0,Nevada,30.4,39375.0,6.5,1.06,15948.0,24.3,24.9,42309.0,38750.0,46.2,20549.0,49500.0,97.1,Nevada City,35669.0,4357.0,46.5,38.2
77073.0,15.4,28851.0,48261.0,27.1,88070.0,95.5,54392.0,35.4,99169.0,Alameda,45.0,64797.0,6.6,1.08,12282.0,27.1,34.1,77881.0,52519.0,25.7,38656.0,63611.0,89.9,Newark,22360.0,4516.0,35.7,14.3
107223.0,23.8,20264.0,45018.0,23.3,146011.0,98.9,104657.0,44.0,226329.0,Orange,52.1,68408.0,22.5,1.03,9562.0,23.3,19.4,109052.0,63323.0,64.9,42258.0,71224.0,97.3,Newport Beach,46699.0,8417.0,71.4,6.0
56084.0,16.3,27000.0,41726.0,35.5,95585.0,82.3,60437.0,39.5,108024.0,Riverside,43.6,68277.0,9.4,1.1,12039.0,35.5,27.4,74100.0,45236.0,19.5,32799.0,40085.0,82.2,Norco,35192.0,7901.0,16.2,19.6
45586.0,18.1,23481.0,38361.0,28.2,63196.0,82.8,40027.0,32.5,72772.0,Los Angeles,45.1,41725.0,4.8,1.08,9524.0,28.2,35.1,51832.0,37161.0,14.3,31237.0,33529.0,71.0,Norwalk,18737.0,6432.0,17.7,15.1
60577.0,31.6,18888.0,33113.0,28.3,59596.0,85.1,50651.0,36.2,91124.0,Alameda,44.5,51331.0,12.6,1.11,9805.0,28.3,24.4,70964.0,50940.0,35.5,24028.0,43057.0,80.1,Oakland,28535.0,5349.0,42.5,18.5
53429.0,18.2,21855.0,37687.0,27.5,68146.0,84.4,46502.0,35.2,81660.0,San Diego,46.3,52847.0,6.2,1.08,9476.0,27.5,35.0,66117.0,39065.0,26.5,29358.0,38208.0,86.2,Oceanside,27511.0,5613.0,21.3,12.5
44726.0,22.1,13259.0,22784.0,22.9,80104.0,85.6,54899.0,47.1,103114.0,Ventura,42.5,42049.0,0.8,1.07,8365.0,22.9,42.6,77014.0,39107.0,44.3,37604.0,35561.0,92.0,Ojai,30503.0,13481.0,27.8,14.2
45027.0,22.9,21315.0,34890.0,28.4,55769.0,78.9,40317.0,29.9,66003.0,San Bernardino,43.5,46912.0,4.1,1.1,9933.0,28.4,31.2,62500.0,33905.0,12.3,26554.0,37025.0,67.5,Ontario,21904.0,4701.0,16.1,21.2
66908.0,20.5,20838.0,41111.0,25.1,86226.0,81.0,55426.0,34.8,106195.0,Orange,54.0,59856.0,8.7,1.06,8868.0,25.1,24.4,80010.0,45573.0,33.3,30662.0,50455.0,86.3,Orange,28169.0,6930.0,31.5,12.8
16309.0,44.6,11781.0,21833.0,25.6,26721.0,47.1,31082.0,23.6,35853.0,Fresno,41.4,43750.0,15.3,1.15,9755.0,25.6,26.0,,31071.0,4.8,30631.0,13304.0,36.6,Orange Cove,12351.0,5340.0,2.9,17.4
86656.0,0.0,56504.0,48504.0,28.6,199390.0,100.0,153380.0,47.8,248318.0,Contra Costa,45.3,99792.0,17.6,1.05,7884.0,28.6,25.9,128611.0,94122.0,80.3,56429.0,56875.0,98.3,Orinda,44243.0,10021.0,77.1,11.3
31177.0,35.0,17065.0,28333.0,17.2,45500.0,84.6,38906.0,31.5,57357.0,Butte,51.6,42569.0,0.0,1.08,9233.0,17.2,32.6,42697.0,30585.0,12.0,21705.0,22990.0,87.5,Oroville,21420.0,5037.0,8.3,15.7
56094.0,20.5,17242.0,36388.0,23.1,61848.0,68.2,35511.0,29.9,76795.0,Ventura,42.5,44194.0,3.8,1.14,8757.0,23.1,29.0,80646.0,33080.0,16.3,26989.0,42079.0,63.3,Oxnard,24065.0,4995.0,14.4,24.8
58154.0,13.5,14103.0,34513.0,18.5,99011.0,95.0,69087.0,48.1,126990.0,Monterey,44.1,48920.0,3.5,1.06,10255.0,18.5,48.1,75972.0,55221.0,50.5,25200.0,47938.0,96.8,Pacific Grove,31652.0,3642.0,54.2,4.2
76840.0,7.3,21569.0,50092.0,27.7,109058.0,97.1,66516.0,41.5,129392.0,San Mateo,54.0,64249.0,12.7,1.06,12232.0,27.7,25.6,90291.0,62889.0,40.4,42775.0,58226.0,95.9,Pacifica,29591.0,7608.0,44.5,7.6
56433.0,16.7,17500.0,32603.0,19.8,67173.0,83.9,51298.0,53.0,101754.0,Riverside,53.4,51355.0,6.4,1.07,11144.0,19.8,27.3,70134.0,49630.0,36.7,26834.0,39534.0,92.0,Palm Desert,34223.0,7580.0,30.8,12.8
61947.0,25.8,17765.0,32112.0,21.6,55546.0,78.9,51710.0,51.6,78914.0,Riverside,37.7,47126.0,6.1,1.06,9593.0,21.6,37.1,65318.0,41221.0,36.7,25981.0,38409.0,90.7,Palm Springs,29702.0,5073.0,23.5,19.1
51999.0,27.1,21438.0,38960.0,40.5,54936.0,76.8,47910.0,29.7,68658.0,Los Angeles,42.0,51157.0,3.8,1.12,9509.0,40.5,29.7,80837.0,38304.0,18.0,28553.0,40340.0,77.6,Palmdale,24635.0,5236.0,11.0,24.5
103159.0,25.3,21028.0,39919.0,22.1,165292.0,98.4,130074.0,41.9,219748.0,Santa Clara,41.8,74702.0,33.3,1.05,10530.0,22.1,18.6,105896.0,87315.0,81.9,27313.0,68276.0,97.6,Palo Alto,45218.0,12128.0,81.5,6.3
36594.0,22.5,20147.0,31517.0,26.7,45651.0,69.8,30676.0,28.6,54571.0,Los Angeles,37.1,41845.0,3.7,1.08,9198.0,26.7,36.2,64009.0,29863.0,7.9,26066.0,30730.0,50.2,Paramount,15240.0,5424.0,10.5,22.9
33971.0,32.9,14689.0,32636.0,23.7,32485.0,64.3,27520.0,25.1,42465.0,Fresno,39.8,45398.0,1.1,1.16,8734.0,23.7,26.6,82543.0,22920.0,2.3,17388.0,22819.0,31.4,Parlier,13686.0,3605.0,8.9,32.4
72600.0,24.6,17010.0,36291.0,26.1,83601.0,88.1,58851.0,37.2,119699.0,Los Angeles,44.1,60229.0,19.1,1.06,10291.0,26.1,21.1,80440.0,53319.0,46.2,25221.0,52079.0,84.6,Pasadena,30968.0,5247.0,53.6,15.7
45066.0,27.4,22056.0,29465.0,37.0,47636.0,75.9,39395.0,25.9,53873.0,Riverside,34.7,48156.0,1.7,1.11,10899.0,37.0,39.7,55893.0,27434.0,7.5,26451.0,39250.0,57.9,Perris,16364.0,5954.0,10.2,23.9
40651.0,16.8,22289.0,34431.0,29.1,63536.0,82.6,39087.0,34.0,71270.0,Los Angeles,50.7,47135.0,2.5,1.07,9856.0,29.1,29.8,63500.0,33957.0,9.2,29125.0,27319.0,64.3,Pico Rivera,15827.0,6550.0,15.2,17.0
117014.0,0.0,41591.0,55167.0,25.6,229750.0,100.0,160801.0,46.2,322407.0,Alameda,13.2,72429.0,44.0,1.13,,25.6,20.6,155125.0,93520.0,85.2,93226.0,65781.0,98.3,Piedmont,83373.0,,85.0,22.3
51897.0,25.8,21007.0,41551.0,35.5,63877.0,79.9,48728.0,32.5,80157.0,Contra Costa,47.9,57400.0,3.8,1.14,10435.0,35.5,30.2,60647.0,43287.0,16.8,30367.0,36713.0,83.0,Pittsburg,21202.0,5338.0,16.0,18.1
55720.0,22.2,19327.0,40943.0,27.5,87400.0,86.9,57383.0,36.0,102956.0,Orange,52.9,58306.0,10.5,1.06,9115.0,27.5,23.6,86158.0,49263.0,34.3,28034.0,43547.0,84.5,Placentia,24499.0,6027.0,34.9,13.0
37032.0,29.0,17019.0,23860.0,26.5,55491.0,89.2,51013.0,40.4,75494.0,El Dorado,41.2,57353.0,2.6,1.06,8892.0,26.5,38.7,60278.0,44861.0,15.8,25470.0,28420.0,88.8,Placerville,22247.0,2863.0,10.3,17.5
61332.0,15.6,26947.0,43563.0,30.7,106504.0,98.4,85633.0,40.7,129166.0,Contra Costa,55.3,65362.0,18.4,1.05,11457.0,30.7,23.2,81675.0,58462.0,45.8,31902.0,51267.0,95.5,Pleasant Hill,34093.0,5192.0,52.5,3.1
74958.0,12.2,19994.0,50209.0,29.6,136120.0,94.8,106563.0,40.5,160352.0,Alameda,37.8,85730.0,19.7,1.06,13947.0,29.6,30.3,107760.0,66917.0,61.5,38424.0,63481.0,97.4,Pleasanton,36314.0,5865.0,53.9,12.2
98139.0,,,,49.0,69083.0,,115455.0,59.0,146601.0,Plumas,,105703.0,,1.25,,49.0,,93661.0,,44.0,17059.0,86591.0,100.0,Plumas Eureka,23709.0,,,
26673.0,29.0,12750.0,12500.0,15.7,48036.0,100.0,39000.0,40.0,50225.0,Mendocino,16.0,22000.0,0.0,1.1,11244.0,15.7,84.0,39250.0,28929.0,20.8,26083.0,18750.0,79.2,Point Arena,22465.0,488.0,0.0,0.0
47793.0,21.7,16991.0,35971.0,24.0,56333.0,75.9,41673.0,31.3,72049.0,Ventura,47.2,42569.0,2.5,1.1,8844.0,24.0,37.5,74931.0,38214.0,23.9,37131.0,35281.0,80.3,Port Hueneme,23978.0,4247.0,16.0,12.8
34242.0,46.9,16774.0,23646.0,29.6,38841.0,87.8,50375.0,39.8,58644.0,Plumas,34.6,51579.0,0.0,1.18,9491.0,29.6,54.2,45150.0,31509.0,13.1,27908.0,24022.0,82.6,Portola,28534.0,2976.0,13.4,11.2
110297.0,52.1,28750.0,52434.0,29.6,225982.0,87.3,210000.0,51.3,442087.0,San Mateo,0.0,85092.0,47.4,1.0,,29.6,52.6,204141.0,105789.0,86.9,,83036.0,97.3,Portola Valley,41117.0,538.0,75.2,0.0
63379.0,22.7,21436.0,44908.0,24.0,104979.0,93.0,73504.0,41.3,130515.0,San Diego,42.6,65144.0,11.9,1.06,10280.0,24.0,35.4,86675.0,50921.0,50.0,32472.0,50521.0,95.5,Poway,33603.0,5604.0,39.2,10.1
51656.0,27.4,19003.0,34324.0,24.4,56277.0,91.0,50341.0,33.1,67448.0,Sacramento,48.9,49943.0,7.7,1.08,10722.0,24.4,29.6,66625.0,40676.0,21.3,25583.0,40881.0,87.4,Rancho Cordova,24964.0,4906.0,29.4,13.8
60155.0,10.8,22398.0,45961.0,30.4,87596.0,93.3,64252.0,34.5,105912.0,San Bernardino,49.1,57116.0,9.3,1.08,10934.0,30.4,31.1,74013.0,51058.0,31.6,33151.0,51354.0,91.9,Rancho Cucamonga,25651.0,5368.0,34.8,10.5
80321.0,34.8,20457.0,41830.0,22.3,100611.0,97.1,66189.0,62.3,153978.0,Riverside,57.0,53843.0,5.7,1.03,12788.0,22.3,18.6,82031.0,75560.0,43.4,18444.0,50893.0,97.8,Rancho Mirage,45318.0,10758.0,11.4,18.7
69314.0,10.0,22784.0,47516.0,28.0,118383.0,94.3,82592.0,36.0,133550.0,Orange,55.7,68936.0,11.2,1.04,9718.0,28.0,22.6,92132.0,57119.0,50.3,39872.0,60729.0,96.9,Rancho Santa Margarita,29366.0,7815.0,44.4,10.5
35996.0,28.5,19269.0,29568.0,16.9,55690.0,90.9,46040.0,38.5,70483.0,Shasta,59.3,45666.0,6.5,1.06,10176.0,16.9,23.0,61979.0,38419.0,22.5,26549.0,27440.0,90.7,Redding,24554.0,6403.0,22.0,11.2
54307.0,26.3,23056.0,42601.0,22.7,85308.0,92.7,61715.0,36.2,103211.0,San Bernardino,53.6,52200.0,9.4,1.05,8764.0,22.7,28.1,76133.0,49438.0,39.2,36584.0,40460.0,91.5,Redlands,35843.0,4890.0,39.1,8.9
74136.0,15.9,20203.0,42416.0,23.2,93257.0,83.1,70709.0,36.7,126851.0,San Mateo,40.0,75699.0,10.5,1.08,11254.0,23.2,32.2,101366.0,54689.0,39.3,33781.0,53989.0,86.2,Redwood City,27545.0,7154.0,41.2,17.3
43204.0,29.7,14699.0,31886.0,22.3,45200.0,69.0,34915.0,29.1,60231.0,Fresno,47.1,53869.0,1.2,1.12,6159.0,22.3,33.4,63686.0,35870.0,16.5,17254.0,31735.0,60.6,Reedley,24410.0,4573.0,12.2,18.3
38599.0,22.4,21862.0,30054.0,32.3,52074.0,76.2,36898.0,28.3,62194.0,San Bernardino,41.4,40989.0,2.5,1.1,9128.0,32.3,34.9,67852.0,31306.0,9.9,26936.0,30660.0,68.5,Rialto,23908.0,5055.0,7.4,21.3
51208.0,34.0,19674.0,46050.0,14.9,70374.0,95.2,62107.0,33.8,79551.0,Kern,42.7,65287.0,8.8,1.1,7920.0,14.9,29.7,75869.0,42426.0,29.9,31333.0,39598.0,91.7,Ridgecrest,30622.0,5749.0,29.8,18.8
33083.0,12.0,19289.0,29657.0,21.8,42348.0,97.6,36414.0,38.3,77207.0,Humboldt,45.1,36250.0,3.9,1.11,9523.0,21.8,51.1,53558.0,25288.0,8.2,28587.0,19500.0,91.0,Rio Dell,25538.0,4315.0,14.1,0.0
51803.0,17.1,21855.0,44100.0,38.1,66438.0,100.0,63517.0,57.2,84341.0,Solano,60.8,44236.0,0.0,1.09,15109.0,38.1,36.8,38304.0,43500.0,30.6,31424.0,34258.0,94.9,Rio Vista,45363.0,4173.0,14.3,2.4
64115.0,6.3,20956.0,40988.0,25.5,85132.0,95.7,68589.0,37.1,100188.0,Fresno,44.6,73250.0,5.3,1.06,10428.0,25.5,36.4,80341.0,47981.0,30.0,35609.0,38657.0,94.2,Ripon,36757.0,7274.0,32.4,13.7
46742.0,23.3,21241.0,35271.0,28.5,63515.0,81.4,43974.0,30.0,79399.0,Riverside,51.8,51211.0,6.0,1.08,9234.0,28.5,28.4,70211.0,38013.0,23.3,28909.0,34892.0,78.2,Riverside,28764.0,5281.0,21.0,13.8
56354.0,14.8,25129.0,39991.0,27.0,89942.0,94.8,73787.0,36.7,103633.0,Placer,56.3,65022.0,8.7,1.05,10797.0,27.0,26.6,78137.0,49928.0,42.7,36085.0,40738.0,96.5,Rocklin,35369.0,7491.0,35.1,8.4
144743.0,0.0,26563.0,39766.0,30.5,217222.0,92.7,151902.0,51.7,325482.0,Los Angeles,56.9,99286.0,15.7,1.02,11457.0,30.5,24.5,108021.0,54702.0,72.9,24167.0,72083.0,96.4,Rolling Hills,45130.0,7086.0,80.5,2.9
141933.0,7.4,52292.0,44940.0,29.1,151964.0,97.7,131429.0,48.5,192899.0,Los Angeles,26.0,64934.0,39.6,1.04,10113.0,29.1,29.5,106806.0,81571.0,73.6,32333.0,95313.0,97.8,Rolling Hills Estates,58240.0,2197.0,62.7,4.9
55063.0,16.3,23011.0,42156.0,26.3,89380.0,92.6,64976.0,36.8,103103.0,Placer,50.4,64026.0,8.5,1.06,10262.0,26.3,31.8,79298.0,50131.0,36.7,32284.0,41395.0,96.0,Roseville,29668.0,5781.0,31.3,9.4
50913.0,33.3,17167.0,34015.0,24.0,56449.0,87.6,47443.0,33.0,73883.0,Sacramento,48.4,51629.0,8.4,1.09,10332.0,24.0,27.7,70372.0,43035.0,27.6,26217.0,38629.0,82.4,Sacramento,30438.0,4965.0,32.4,15.4
42655.0,25.7,16790.0,36284.0,23.2,51058.0,63.9,38244.0,28.8,63755.0,Monterey,39.0,46936.0,1.7,1.09,8063.0,23.2,30.8,73657.0,33243.0,14.3,26396.0,31536.0,60.2,Salinas,18699.0,5597.0,10.1,28.4
33224.0,38.4,18748.0,31331.0,27.0,40574.0,73.1,35428.0,28.5,53110.0,San Bernardino,40.9,45459.0,2.8,1.11,9302.0,27.0,30.8,60342.0,31678.0,12.2,25797.0,23864.0,66.7,San Bernardino,21718.0,5108.0,9.8,25.6
73806.0,10.9,25438.0,47242.0,25.4,87346.0,91.1,56964.0,38.8,104969.0,San Mateo,55.8,60372.0,14.5,1.09,11326.0,25.4,21.4,67339.0,51982.0,36.1,34247.0,51220.0,90.8,San Bruno,22046.0,3694.0,43.3,8.3
80885.0,6.9,32704.0,47603.0,26.3,150383.0,98.7,118160.0,42.6,182827.0,San Mateo,50.0,73551.0,16.4,1.06,8178.0,26.3,26.4,115670.0,71790.0,60.2,32188.0,66598.0,97.7,San Carlos,30231.0,6083.0,58.6,7.2
76734.0,22.2,20991.0,42832.0,29.5,106382.0,93.3,88381.0,39.7,138817.0,Orange,43.3,68986.0,12.9,1.07,11912.0,29.5,30.6,91173.0,53268.0,43.5,34231.0,51049.0,94.9,San Clemente,36889.0,6986.0,42.4,13.3
63506.0,27.6,18624.0,35885.0,22.5,77568.0,91.9,52973.0,33.6,101793.0,San Diego,51.1,53483.0,13.0,1.06,9581.0,22.5,26.1,76164.0,45049.0,40.5,28019.0,47944.0,86.8,San Diego,30075.0,6063.0,46.1,9.8
62839.0,14.9,28177.0,43091.0,32.6,89762.0,96.5,61007.0,42.6,109235.0,Los Angeles,54.4,55578.0,10.6,1.06,9217.0,32.6,30.2,68835.0,48542.0,32.7,37553.0,39660.0,93.4,San Dimas,35552.0,6124.0,46.7,4.9
41205.0,20.1,17560.0,35615.0,26.6,56143.0,73.5,32254.0,30.7,65331.0,Los Angeles,34.1,50921.0,4.4,1.12,10311.0,26.6,35.5,71250.0,33869.0,7.4,28833.0,27344.0,51.2,San Fernando,20885.0,5689.0,19.1,26.0
90863.0,24.6,19651.0,36953.0,30.5,90116.0,95.2,68782.0,38.5,130322.0,San Francisco,46.0,62726.0,27.3,1.1,9767.0,30.5,19.3,85317.0,59182.0,42.4,26515.0,61447.0,83.8,San Francisco,27295.0,5112.0,69.7,7.4
53575.0,16.2,16998.0,36302.0,28.1,61346.0,92.3,41046.0,40.3,80107.0,Los Angeles,47.3,46184.0,16.3,1.08,9573.0,28.1,25.8,75139.0,41200.0,23.5,24684.0,37909.0,73.5,San Gabriel,26026.0,4666.0,43.5,10.5
37517.0,20.4,19487.0,31698.0,35.9,51441.0,82.8,45646.0,30.3,60262.0,Riverside,30.1,39260.0,1.5,1.1,9150.0,35.9,45.7,54755.0,37341.0,13.2,27781.0,22790.0,73.4,San Jacinto,22813.0,5733.0,10.9,22.7
30722.0,41.5,17567.0,22604.0,20.4,24397.0,55.3,21975.0,23.6,29241.0,Fresno,29.2,35583.0,0.0,1.14,5844.0,20.4,44.9,,19338.0,3.4,17500.0,30192.0,14.3,San Joaquin,13549.0,5086.0,8.7,25.9
72068.0,21.9,21498.0,41403.0,25.9,89822.0,86.3,63450.0,35.2,112634.0,Santa Clara,47.6,68650.0,11.4,1.07,10230.0,25.9,26.7,99285.0,52607.0,36.0,29982.0,52130.0,82.7,San Jose,26338.0,5819.0,40.7,14.3
61127.0,26.9,18711.0,41793.0,24.1,83243.0,75.5,47617.0,40.2,128715.0,Orange,41.7,56567.0,7.8,1.1,8806.0,24.1,36.1,96556.0,42170.0,36.8,25732.0,35878.0,85.9,San Juan Capistrano,41834.0,4575.0,17.3,14.4
51075.0,11.4,22873.0,41068.0,28.4,74668.0,87.4,50755.0,39.3,87788.0,Alameda,51.5,52107.0,9.4,1.07,8423.0,28.4,25.7,68698.0,46098.0,27.9,31529.0,40439.0,84.4,San Leandro,24251.0,6225.0,32.3,13.5
40865.0,22.3,20760.0,30390.0,14.8,79286.0,96.2,53123.0,26.5,95592.0,San Luis Obispo,78.1,48247.0,9.9,1.05,8596.0,14.8,10.8,63628.0,39087.0,47.7,26469.0,29369.0,92.4,San Luis Obispo,37281.0,6713.0,47.0,1.2
44591.0,17.4,22136.0,35860.0,24.7,61772.0,79.7,46701.0,32.9,81184.0,San Diego,56.5,58792.0,5.5,1.08,9872.0,24.7,24.6,75373.0,39161.0,26.9,29189.0,30482.0,81.4,San Marcos,22517.0,4871.0,26.3,13.4
71741.0,5.1,46094.0,39306.0,27.1,162917.0,98.4,121892.0,45.3,252904.0,Los Angeles,27.7,63899.0,40.7,1.06,12645.0,27.1,25.4,120203.0,82353.0,74.6,35833.0,61563.0,95.1,San Marino,35566.0,26035.0,77.1,6.2
76452.0,14.2,19927.0,42726.0,24.9,104067.0,85.7,64030.0,38.9,135924.0,San Mateo,40.6,66008.0,16.7,1.08,10935.0,24.9,26.2,97090.0,61832.0,44.0,32015.0,60330.0,92.1,San Mateo,27637.0,7686.0,50.4,16.5
93785.0,10.7,18706.0,51641.0,32.7,149817.0,97.6,111791.0,37.1,164036.0,Contra Costa,44.8,86980.0,22.5,1.06,10402.0,32.7,23.6,110963.0,74112.0,62.3,41575.0,73564.0,97.2,San Ramon,33603.0,8529.0,64.1,9.1
42429.0,31.6,18594.0,15375.0,17.3,52500.0,86.4,34286.0,34.1,67521.0,Monterey,60.6,71250.0,0.0,1.04,10250.0,17.3,6.1,96250.0,31000.0,12.0,30179.0,31346.0,81.9,Sand City,39786.0,2050.0,31.8,33.3
28651.0,30.6,13064.0,31196.0,22.9,47288.0,70.9,35393.0,29.2,61080.0,Fresno,41.2,44008.0,2.7,1.08,8359.0,22.9,41.4,28899.0,30763.0,8.6,25454.0,22029.0,61.0,Sanger,22695.0,5385.0,11.3,14.8
54126.0,24.2,19667.0,31227.0,24.9,51045.0,64.0,29457.0,29.1,65548.0,Orange,40.9,44117.0,4.7,1.11,9429.0,24.9,29.5,60389.0,27224.0,10.6,23957.0,39819.0,48.5,Santa Ana,20031.0,5263.0,14.7,24.8
65737.0,20.4,18390.0,34075.0,16.7,80790.0,83.9,50755.0,36.8,111706.0,Santa Barbara,51.7,52559.0,16.9,1.08,8102.0,16.7,20.9,70655.0,41833.0,44.6,27010.0,45777.0,86.4,Santa Barbara,30279.0,5031.0,42.3,10.5
76955.0,14.9,25074.0,41699.0,21.8,105333.0,96.0,87620.0,34.1,122433.0,Santa Clara,51.9,73120.0,14.2,1.06,10080.0,21.8,25.4,101986.0,57919.0,43.0,29823.0,57456.0,91.5,Santa Clara,23455.0,5957.0,67.5,8.5
66353.0,24.0,20739.0,46235.0,32.2,90918.0,88.5,66888.0,36.2,107895.0,Los Angeles,54.9,62548.0,9.1,1.09,9634.0,32.2,23.9,79957.0,52938.0,35.1,34828.0,52230.0,91.2,Santa Clarita,28255.0,5696.0,32.5,12.1
55626.0,36.1,17150.0,33617.0,22.0,81192.0,92.3,52622.0,29.9,106527.0,Santa Cruz,73.6,43414.0,9.0,1.07,9336.0,22.0,15.2,53542.0,47530.0,49.6,30146.0,39689.0,94.1,Santa Cruz,30763.0,4196.0,51.7,2.2
36255.0,13.7,25454.0,39313.0,29.2,60489.0,85.8,49652.0,35.3,77218.0,Los Angeles,53.3,64669.0,3.2,1.06,10513.0,29.2,31.6,59107.0,36560.0,7.2,31085.0,20373.0,73.4,Santa Fe Springs,27374.0,4448.0,20.5,11.9
40666.0,24.2,17712.0,34013.0,21.1,52986.0,54.4,31260.0,28.6,68725.0,Santa Barbara,36.7,53217.0,1.8,1.2,8736.0,21.1,22.0,68355.0,30789.0,13.5,26702.0,28755.0,66.4,Santa Maria,22214.0,5426.0,10.4,39.4
76885.0,32.8,19950.0,39842.0,26.2,112016.0,98.9,80747.0,40.4,161097.0,Los Angeles,43.9,58609.0,33.3,1.03,9183.0,26.2,18.3,81382.0,65571.0,61.8,33329.0,54936.0,95.8,Santa Monica,27687.0,4967.0,78.9,4.5
45675.0,22.0,19883.0,36103.0,25.9,57385.0,63.8,36390.0,31.1,70388.0,Ventura,37.5,64237.0,4.0,1.17,9553.0,25.9,29.1,76250.0,30275.0,15.3,31447.0,24783.0,66.8,Santa Paula,21167.0,6400.0,7.0,29.3
53951.0,12.5,31607.0,44711.0,23.9,82176.0,94.5,56690.0,37.2,90888.0,San Diego,50.6,60732.0,8.4,1.06,10514.0,23.9,27.9,65645.0,45313.0,21.8,37599.0,43906.0,92.0,Santee,23738.0,9382.0,27.4,13.2
83865.0,10.6,32639.0,42855.0,26.9,188507.0,100.0,154924.0,47.8,235274.0,Santa Clara,31.5,95996.0,30.5,1.04,11620.0,26.9,23.3,134903.0,109144.0,81.9,58510.0,51307.0,99.4,Saratoga,45052.0,11484.0,69.9,14.6
65940.0,7.8,20426.0,57398.0,25.1,115015.0,95.8,87346.0,41.7,132514.0,Santa Cruz,68.9,80544.0,8.8,1.05,10799.0,25.1,20.5,83250.0,67685.0,51.4,42331.0,40500.0,97.6,Scotts Valley,30861.0,3129.0,36.9,1.9
50872.0,22.1,17438.0,38533.0,28.8,88682.0,99.4,81354.0,57.3,120454.0,Orange,54.2,59669.0,18.3,1.04,10661.0,28.8,21.9,84732.0,64205.0,53.1,33662.0,31034.0,97.0,Seal Beach,31292.0,8514.0,50.5,5.5
57876.0,21.3,18551.0,34480.0,18.9,58025.0,77.4,40852.0,30.6,71808.0,Monterey,50.1,51512.0,3.9,1.1,8942.0,18.9,28.8,77118.0,36667.0,24.7,24355.0,41163.0,78.2,Seaside,23522.0,3824.0,22.8,17.3
38468.0,29.1,13044.0,28180.0,25.0,44719.0,58.2,36373.0,29.5,55543.0,Fresno,29.1,47708.0,4.9,1.13,7174.0,25.0,43.6,65515.0,29812.0,11.4,25309.0,24256.0,62.0,Selma,18940.0,4548.0,8.8,22.4
32031.0,21.3,21449.0,30841.0,22.4,43539.0,70.4,34439.0,25.9,57433.0,Kern,37.8,55744.0,1.5,1.1,11086.0,22.4,40.5,80500.0,24322.0,10.2,24167.0,24337.0,54.4,Shafter,23829.0,5475.0,3.9,20.1
36882.0,5.6,20260.0,35417.0,22.9,73250.0,70.9,72361.0,50.6,92138.0,Shasta,52.0,61429.0,4.7,1.03,8424.0,22.9,16.9,61902.0,48125.0,36.6,27250.0,20417.0,97.1,Shasta,28573.0,1300.0,26.5,26.4
,100.0,,11184.0,27.1,120391.0,,112266.0,56.6,130013.0,Sierra,0.0,151167.0,0.0,,2336.0,27.1,0.0,,,57.6,,,100.0,Sierra City,74329.0,,,100.0
76767.0,17.5,25742.0,43591.0,26.3,73438.0,93.3,64354.0,36.0,88821.0,Los Angeles,63.1,64417.0,3.5,1.06,12477.0,26.3,14.6,86528.0,55422.0,40.8,29447.0,65449.0,87.8,Signal Hill,27586.0,3985.0,34.0,18.7
69451.0,14.6,20319.0,47720.0,28.4,99067.0,89.2,66956.0,37.8,115079.0,Ventura,51.0,64497.0,8.1,1.07,9469.0,28.4,28.5,81923.0,51158.0,33.3,35494.0,54814.0,92.2,Simi Valley,26899.0,4509.0,34.5,12.5
79037.0,22.0,18136.0,44457.0,21.6,111625.0,92.6,85395.0,43.7,159627.0,San Diego,52.1,61307.0,19.8,1.05,8612.0,21.6,17.5,93083.0,72893.0,60.1,17481.0,63750.0,92.9,Solana Beach,35644.0,8332.0,68.7,10.5
42157.0,20.9,16861.0,42659.0,25.3,50349.0,57.5,29833.0,34.9,61910.0,Monterey,34.2,59605.0,0.0,1.13,8768.0,25.3,26.5,65833.0,30071.0,4.3,26846.0,39271.0,54.3,Soledad,10294.0,4642.0,2.0,39.3
53544.0,21.8,28598.0,54250.0,25.2,76815.0,76.6,62875.0,45.0,103630.0,Santa Barbara,33.7,61250.0,38.1,1.08,10213.0,25.2,5.0,63661.0,39213.0,43.3,22581.0,37059.0,93.6,Solvang,30782.0,4759.0,25.4,23.2
61379.0,5.9,38200.0,43910.0,25.5,94018.0,96.2,70724.0,49.2,122497.0,Sonoma,35.5,46467.0,2.9,1.06,5760.0,25.5,31.9,65938.0,50131.0,47.7,31023.0,43212.0,94.9,Sonoma,32184.0,9307.0,29.0,29.7
31837.0,44.7,11429.0,26891.0,23.6,53250.0,80.8,55250.0,39.7,74170.0,Tuolumne,34.7,47639.0,7.9,1.07,8782.0,23.6,39.6,40893.0,37708.0,25.4,22006.0,18902.0,90.2,Sonora,20628.0,1550.0,23.0,17.8
32146.0,17.1,18139.0,38140.0,32.0,42080.0,65.4,25129.0,30.4,57060.0,Los Angeles,42.1,30596.0,4.1,1.1,10423.0,32.0,35.8,87031.0,22135.0,7.2,24764.0,22478.0,42.5,South El Monte,16274.0,4766.0,14.5,18.0
40731.0,18.6,17868.0,31839.0,14.5,51445.0,83.1,36180.0,35.6,65084.0,El Dorado,60.1,37723.0,4.5,1.11,9371.0,14.5,27.6,42614.0,39807.0,23.6,22420.0,29747.0,85.8,South Lake Tahoe,23418.0,5482.0,19.7,7.9
66558.0,17.0,22202.0,38362.0,28.0,110423.0,96.3,75567.0,40.1,140975.0,Los Angeles,60.0,56425.0,15.1,1.05,9687.0,28.0,18.4,84737.0,65819.0,64.6,32375.0,56995.0,97.1,South Pasadena,54023.0,6972.0,67.7,6.5
59119.0,13.6,21559.0,42188.0,23.8,86764.0,89.1,50047.0,38.1,102753.0,San Mateo,49.8,57871.0,14.1,1.11,10540.0,23.8,21.7,73462.0,49329.0,29.4,31965.0,44862.0,85.0,South San Francisco,22764.0,7225.0,35.2,14.5
51145.0,24.6,18767.0,34178.0,28.0,49467.0,69.9,36166.0,33.0,63036.0,Orange,42.2,42117.0,7.2,1.07,10119.0,28.0,31.1,65938.0,34989.0,18.6,25625.0,35841.0,72.3,Stanton,17695.0,4726.0,25.2,19.5
40758.0,31.0,17144.0,33701.0,27.0,51426.0,77.3,42474.0,30.8,68118.0,San Joaquin,47.1,50597.0,4.8,1.11,9945.0,27.0,27.7,71268.0,38603.0,19.9,26142.0,29627.0,75.7,Stockton,23484.0,5084.0,14.3,20.4
55118.0,15.8,20082.0,36477.0,31.6,74944.0,89.2,52684.0,33.0,85755.0,Solano,37.7,58155.0,8.0,1.1,10507.0,31.6,37.5,67917.0,44188.0,19.6,30745.0,46875.0,87.3,Suisun City,25669.0,5135.0,19.0,16.9
87864.0,16.5,22116.0,44681.0,23.0,111857.0,91.8,95624.0,35.6,133873.0,Santa Clara,39.6,80874.0,25.4,1.07,10113.0,23.0,20.5,102421.0,65237.0,52.0,32026.0,71189.0,92.6,Sunnyvale,26564.0,5988.0,68.8,14.5
31850.0,28.3,19417.0,22247.0,25.2,57742.0,53.0,52735.0,34.9,77465.0,Kern,37.4,55375.0,1.4,1.17,9483.0,25.2,39.5,104167.0,38250.0,15.1,30494.0,17895.0,82.9,Taft,24613.0,6559.0,3.9,21.6
29865.0,17.7,16597.0,39634.0,20.5,58984.0,68.0,51477.0,34.4,66592.0,Kern,27.8,45865.0,1.3,1.09,10709.0,20.5,20.7,94741.0,42557.0,13.2,25150.0,23619.0,77.1,Tehachapi,24323.0,4320.0,9.2,50.2
44700.0,32.5,,20000.0,23.7,41458.0,72.9,64000.0,44.1,48611.0,Tehama,100.0,53438.0,0.0,1.06,12355.0,23.7,0.0,,38000.0,30.7,29750.0,24375.0,100.0,Tehama,10461.0,1288.0,35.4,0.0
61099.0,13.4,25391.0,42555.0,33.7,85887.0,92.3,64324.0,33.4,93913.0,Riverside,43.9,59856.0,5.8,1.09,10956.0,33.7,34.6,79331.0,43685.0,31.1,32436.0,43919.0,92.1,Temecula,24877.0,5245.0,25.8,15.7
47919.0,16.4,15972.0,38527.0,29.6,71858.0,97.3,56446.0,42.0,88498.0,Los Angeles,41.9,51491.0,14.8,1.08,8284.0,29.6,31.1,66692.0,42354.0,33.8,30737.0,34864.0,85.0,Temple City,24951.0,5340.0,49.6,12.2
74304.0,19.9,18192.0,45422.0,24.3,116421.0,90.2,90152.0,41.5,142087.0,Ventura,54.9,71825.0,13.1,1.06,10754.0,24.3,24.8,96716.0,61209.0,50.9,29042.0,53711.0,94.4,Thousand Oaks,29606.0,7272.0,46.9,7.2
56844.0,11.5,26875.0,45864.0,40.8,80778.0,84.4,59071.0,32.3,94438.0,San Joaquin,43.5,54402.0,5.4,1.09,8331.0,40.8,33.6,84178.0,45527.0,22.8,37525.0,42051.0,84.7,Tracy,23808.0,4150.0,20.1,17.6
45059.0,0.0,,37500.0,18.4,74063.0,100.0,64306.0,45.9,89652.0,Humboldt,0.0,35250.0,0.0,1.03,26600.0,18.4,100.0,41838.0,41471.0,50.9,,38438.0,96.5,Trinidad,19148.0,25000.0,97.7,0.0
43797.0,100.0,,9145.0,,27115.0,,,62.0,53356.0,Trinity,,29432.0,,,11517.0,,,,,34.6,,26250.0,100.0,Trinity Center,21314.0,,,
72857.0,1.7,16744.0,31767.0,21.5,78672.0,90.4,54569.0,38.0,100935.0,Nevada,28.1,40417.0,11.8,1.07,9230.0,21.5,51.5,52950.0,40952.0,39.5,19801.0,44910.0,96.8,Truckee,30864.0,2504.0,38.2,8.6
25111.0,91.5,,12159.0,42.8,40643.0,100.0,27500.0,41.4,49072.0,Tuolumne,40.2,,0.0,1.0,5618.0,42.8,23.2,,42845.0,2.8,24107.0,12091.0,88.4,Tuolumne City,33926.0,2140.0,0.0,36.6
64508.0,16.9,18784.0,37488.0,24.0,80897.0,87.4,51752.0,33.4,101689.0,Orange,39.9,65641.0,10.4,1.07,9706.0,24.0,31.8,81756.0,46959.0,38.2,28676.0,53567.0,84.2,Tustin,28710.0,6789.0,43.2,18.0
42203.0,26.9,30076.0,36721.0,14.9,42376.0,95.0,27992.0,23.5,54939.0,San Bernardino,39.1,50410.0,3.1,1.14,9373.0,14.9,52.6,64902.0,36970.0,16.5,30659.0,31929.0,83.4,Twentynine Palms,26599.0,5172.0,18.8,5.2
51238.0,20.3,18964.0,30885.0,13.9,51823.0,86.6,42994.0,35.9,60929.0,Mendocino,57.4,35104.0,3.8,1.06,9259.0,13.9,23.5,56589.0,34985.0,19.6,26307.0,26321.0,83.2,Ukiah,31038.0,6983.0,15.6,15.3
49184.0,16.8,25152.0,42695.0,30.1,92930.0,94.6,57339.0,36.2,106112.0,Alameda,46.0,60795.0,14.2,1.07,9852.0,30.1,28.3,87144.0,51490.0,33.7,32454.0,37708.0,85.9,Union City,20527.0,5895.0,47.5,11.5
51728.0,25.2,20484.0,37578.0,29.8,70714.0,88.1,55867.0,36.1,87466.0,San Bernardino,43.0,52939.0,11.3,1.07,10327.0,29.8,32.1,68878.0,41323.0,29.1,31788.0,41168.0,88.9,Upland,31641.0,5893.0,31.9,13.6
58036.0,19.0,22600.0,43950.0,25.8,84632.0,86.9,61859.0,37.2,98377.0,Solano,50.6,62288.0,5.1,1.07,9349.0,25.8,30.6,72630.0,48451.0,23.2,36752.0,47667.0,89.1,Vacaville,29683.0,5257.0,18.8,13.7
49522.0,25.8,19575.0,39387.0,33.0,67594.0,86.5,49065.0,37.9,80861.0,Solano,47.8,50047.0,5.9,1.12,9457.0,33.0,28.7,68156.0,45645.0,25.4,29322.0,36335.0,88.0,Vallejo,25177.0,4472.0,19.9,17.6
46750.0,37.0,4875.0,,25.5,34375.0,33.3,19306.0,36.5,45218.0,Los Angeles,71.4,58750.0,0.0,,,25.5,28.6,,46250.0,20.0,,6786.0,40.0,Vernon,30925.0,,0.0,0.0
40133.0,31.3,23173.0,35740.0,35.6,52521.0,83.8,46628.0,29.5,60889.0,San Bernardino,43.8,56036.0,3.7,1.2,9456.0,35.6,32.7,60550.0,35768.0,13.6,30649.0,27871.0,78.6,Victorville,21638.0,3794.0,9.1,19.7
76828.0,0.0,35972.0,69868.0,22.6,159861.0,97.7,105524.0,49.6,213249.0,Orange,65.2,76970.0,9.9,1.04,9616.0,22.6,20.0,101429.0,79566.0,55.1,45370.0,50278.0,94.6,Villa Park,40866.0,20126.0,63.1,4.9
42522.0,19.2,22586.0,34719.0,23.9,51586.0,71.4,37621.0,31.1,66993.0,San Diego,46.6,48658.0,4.4,1.08,10283.0,23.9,30.5,60967.0,32862.0,22.0,28614.0,33825.0,77.1,Vista,27171.0,5480.0,14.7,18.6
53683.0,20.9,20679.0,40254.0,35.1,108069.0,95.7,63778.0,43.1,124295.0,Los Angeles,60.1,54342.0,13.9,1.09,8992.0,35.1,23.5,81854.0,50563.0,54.8,28775.0,42361.0,95.4,Walnut,35893.0,8281.0,55.2,2.5
67269.0,28.8,17227.0,41956.0,30.7,114053.0,96.4,94340.0,47.9,142568.0,Contra Costa,43.6,66267.0,31.2,1.05,9333.0,30.7,20.5,91074.0,68507.0,64.3,27233.0,50670.0,98.7,Walnut Creek,31053.0,7830.0,65.1,4.7
38293.0,33.4,15604.0,25625.0,25.1,39953.0,58.2,35451.0,28.3,45827.0,Kern,24.7,48964.0,0.5,1.16,8663.0,25.1,34.4,53295.0,24504.0,5.0,22090.0,16960.0,46.3,Wasco,16007.0,4722.0,3.5,40.3
33927.0,21.8,16755.0,31214.0,21.9,47058.0,59.7,31819.0,29.2,61260.0,Santa Cruz,39.8,44288.0,3.3,1.14,9354.0,21.9,33.1,59474.0,28199.0,8.8,22447.0,21236.0,52.1,Watsonville,18350.0,6206.0,8.6,23.8
48538.0,14.2,22670.0,39298.0,33.2,75072.0,90.7,51031.0,36.0,86677.0,Los Angeles,52.2,50014.0,8.6,1.08,10461.0,33.2,28.1,62791.0,42657.0,26.8,31104.0,37544.0,82.4,West Covina,23928.0,6495.0,30.8,11.1
77809.0,39.0,15938.0,34609.0,25.1,63002.0,98.1,64298.0,40.4,99847.0,Los Angeles,27.6,50101.0,63.5,1.02,11408.0,25.1,7.9,76185.0,52376.0,52.0,32522.0,50313.0,95.8,West Hollywood,17076.0,5667.0,69.0,1.1
51465.0,26.3,16495.0,34122.0,22.8,61337.0,81.1,49503.0,33.6,74286.0,Yolo,52.7,57067.0,8.1,1.1,9767.0,22.8,29.2,63682.0,48079.0,19.7,27056.0,37342.0,85.5,West Sacramento,22676.0,4929.0,32.7,9.9
94410.0,6.2,23646.0,54055.0,26.7,134750.0,99.8,125288.0,48.7,175356.0,Los Angeles,53.0,85357.0,11.5,1.04,12925.0,26.7,21.3,80926.0,58250.0,63.2,26957.0,68774.0,98.3,Westlake Village,32944.0,17737.0,37.1,14.3
48284.0,22.3,18622.0,36834.0,26.8,56905.0,86.5,44375.0,38.7,76924.0,Orange,52.2,48725.0,8.7,1.07,10315.0,26.8,27.4,73022.0,36998.0,16.9,23673.0,34387.0,72.5,Westminster,24059.0,6682.0,30.3,11.6
57808.0,20.6,21888.0,40390.0,29.8,75875.0,90.5,50292.0,35.4,92387.0,Los Angeles,53.4,56466.0,7.7,1.06,7984.0,29.8,28.8,81187.0,43414.0,24.9,32198.0,38104.0,84.6,Whittier,26396.0,5656.0,25.6,10.1
27108.0,30.4,21500.0,26326.0,13.6,48708.0,90.0,29552.0,37.8,48423.0,Mendocino,41.3,51594.0,5.2,1.14,10505.0,13.6,7.8,35469.0,27296.0,18.1,18571.0,18214.0,86.7,Willits,6950.0,9074.0,0.0,45.8
37691.0,9.5,25521.0,29063.0,26.2,75077.0,73.7,51447.0,35.9,83549.0,Yolo,50.5,56157.0,2.0,1.06,5056.0,26.2,39.7,71351.0,35597.0,25.6,31838.0,32639.0,86.7,Winters,24641.0,10789.0,29.8,7.9
35121.0,17.4,18271.0,25417.0,21.5,36970.0,72.5,27052.0,26.4,46553.0,Tulare,49.7,46833.0,0.0,1.12,7497.0,21.5,32.4,70850.0,23944.0,6.5,12500.0,21280.0,49.5,Woodlake,16719.0,6251.0,5.5,18.0
41955.0,22.6,17790.0,40757.0,20.9,66514.0,84.3,46800.0,33.7,81255.0,Yolo,40.8,52462.0,7.0,1.11,8465.0,20.9,31.5,59744.0,40515.0,26.9,31107.0,31358.0,81.3,Woodland,26710.0,5315.0,23.0,20.7
224740.0,0.0,33750.0,52132.0,25.7,246042.0,99.2,161674.0,48.8,361867.0,San Mateo,54.5,109297.0,17.6,1.02,31033.0,25.7,4.5,150500.0,100156.0,70.4,30909.0,62625.0,96.7,Woodside,44818.0,8996.0,65.8,23.4
24013.0,44.4,,44107.0,10.6,90556.0,100.0,50673.0,35.9,80209.0,Yolo,,,,1.01,,10.6,,,35250.0,0.0,36500.0,16324.0,88.2,Yolo,1647.0,,0.0,
77623.0,20.1,19050.0,48211.0,30.7,125972.0,97.4,86534.0,41.7,155404.0,Orange,52.1,75156.0,15.6,1.06,9543.0,30.7,25.0,91918.0,65059.0,50.2,42492.0,55405.0,97.1,Yorba Linda,33695.0,5948.0,52.8,7.3
43958.0,25.8,14575.0,36952.0,28.2,68834.0,88.0,52917.0,37.8,84108.0,San Bernardino,46.0,54243.0,7.6,1.08,8915.0,28.2,28.0,69071.0,45974.0,21.1,30817.0,32231.0,92.0,Yucaipa,27734.0,4166.0,20.3,18.4
34518.0,29.6,16380.0,33402.0,25.4,50641.0,84.6,44275.0,40.6,60139.0,San Bernardino,45.0,26938.0,2.4,1.09,11042.0,25.4,23.2,75338.0,36332.0,17.1,33594.0,26047.0,88.9,Yucca Valley,18195.0,6176.0,11.0,29.3
